ProjectName,LayerCategory,CategoryID,Board,MeetingFormat,MeetingType,MeetingDate,ArcGIS_Date,MeetingYear,Status,AgendaItemID,AgendaItemNumber,AgendaItemType,ProjectTitle,Summary,ActionTaken,Outcome,MotionText,ProposedBy,SecondedBy,VoteResult,ApplicantName,ApplicationID,District,LocationName,Location,Latitude,Longitude,GeocodeConfidence,StaffCode,Filename,Document_Link,RecordType,LocationSeq,IsPrimary,ParcelID
Budget / Capital Improvement,"Budget, Contracts & Purchasing",7,Village Council,Regular Meeting,Village Council,2024-05-15,2024-05-15,2024,Accepted,789,6,Ordinance,"Ordinance No. 2024-06 Capital Improvement Program An Ordinance of the Village Council of the Village of Estero, Florida, Adopting the Annual Capital Improvement Program for Fiscal Year 2024-2025; Making Related Findings; and Providing for Severabi...","Ordinance No. 2024-06 Capital Improvement Program An Ordinance of the Village Council of the Village of Estero, Florida, Adopting the Annual Capital Improvement Program for Fiscal Year 2024-2025; Making Related Findings; and Providing for Severability, Co. Action: Passed First Reading of Ordinance No. 2024-06 and set second reading for June 5, 2024","Passed First Reading of Ordinance No. 2024-06 and set second reading for June 5, 2024","Passed First Reading of Ordinance No. 2024-06 and set second reading for June 5, 2024","Passed First Reading of Ordinance No. 2024-06 and set second reading for June 5, 2024",,,Detected,,Ordinance No. 2024-06,,"8111 Broadway Avenue East, Estero, FL","8111 Broadway Avenue East, Estero, FL",26.44244610632,-81.809993666508,0.5,TD/CS,05152024 minutes.pdf,https://estero-fl.gov/wp-content/uploads/library-ada/minutes/2024%20Minutes/05152024%20minutes.pdf,AgendaItemLocation,1,true,
Budget / Capital Improvement,"Budget, Contracts & Purchasing",7,Village Council,Regular Meeting,Village Council,2024-06-05,2024-06-05,2024,Accepted,923,7,Ordinance,"Ordinance No. 2024-06 Capital Improvement Program An Ordinance of the Village Council of the Village of Estero, Florida, Adopting the Annual Capital Improvement Program for Fiscal Year 2024-2025; Making Related Findings; and Providing for Severabi...","Ordinance No. 2024-06 Capital Improvement Program An Ordinance of the Village Council of the Village of Estero, Florida, Adopting the Annual Capital Improvement Program for Fiscal Year 2024-2025; Making Related Findings; and Providing for Severability, Co. Action: Passed Second Reading of Ordinance No. 2024-06",Passed Second Reading of Ordinance No. 2024-06,Passed Second Reading of Ordinance No. 2024-06,Passed Second Reading of Ordinance No. 2024-06,,,Detected,,Ordinance No. 2024-06,,"8111 Broadway Avenue East, Estero, FL","8111 Broadway Avenue East, Estero, FL",26.44244610632,-81.809993666508,0.5,TD/CS,06052024 minutes.pdf,https://estero-fl.gov/wp-content/uploads/library-ada/minutes/2024%20Minutes/06052024%20minutes.pdf,AgendaItemLocation,1,true,
Corkscrew Road,"Budget, Contracts & Purchasing",7,Village Council,Regular Meeting,Village Council,2023-06-21,2023-06-21,2023,Accepted,1072,5,Resolution,8801 Corkscrew Road Structure Demolition - RFB 2023-04,"8801 Corkscrew Road Structure Demolition - RFB 2023-04. Action: Approved award of Request for Bids No. RFB 2023-04, 8801 Corkscrew Road Structure Demolition to Southwest Builders Inc. to demolish the structure located at 8801 Corkscrew Road at a grand total cost of $106,890, approve a contingency fund amount of $10,689 (an amount equal to 10% of the total project cost) to cover unforeseen circumstances which may occur, and authorize the Village Manager to execute the contract documents on beh...","Approved award of Request for Bids No. RFB 2023-04, 8801 Corkscrew Road Structure Demolition to Southwest Builders Inc. to demolish the structure located at 8801 Corkscrew Road at a grand total cost of $106,890, approve a contingency fund amount of $10,689 (an amount equal to 10% of the total project cost) to cover unforeseen circumstances which may occur, and authorize the Village Manager to execute the contract documents on behalf of the Village of Estero Council with the instructions that the Village Manager is not to move forward with the demolition until further direction from Council. Additionally, Resolution No. 2023-02 was clarified to correct the date of execution from March 15, 2023, to February 15, 2023 due to error","Approved award of Request for Bids No. RFB 2023-04, 8801 Corkscrew Road Structure Demolition to Southwest Builders Inc. to demolish the structure located at 8801 Corkscrew Road at a grand total cost of $106,890, approve a contingency fund amount of $10,689 (an amount equal to 10% of the total project cost) to cover unforeseen circumstances which may occur, and authorize the Village Manager to execute the contract documents on behalf of the Village of Estero Council with the instructions that the Village Manager is not to move forward with the demolition until further direction from Council. Additionally, Resolution No. 2023-02 was clarified to correct the date of execution from March 15, 2023, to February 15, 2023 due to error","Approved award of Request for Bids No. RFB 2023-04, 8801 Corkscrew Road Structure Demolition to Southwest Builders Inc. to demolish the structure located at 8801 Corkscrew Road at a grand total cost of $106,890, approve a contingency fund amount of $10,689 (an amount equal to 10% of the total project cost) to cover unforeseen circumstances which may occur, and authorize the Village Manager to execute the contract documents on behalf of the Village of Estero Council with the instructions that the Village Manager is not to move forward with the demolition until further direction from Council. Additionally, Resolution No. 2023-02 was clarified to correct the date of execution from March 15, 2023, to February 15, 2023 due to error",,,Detected,Council. Additionally,RFB 2023-04,,"8801 Corkscrew Road, Estero, FL","8801 Corkscrew Road, Estero, FL",26.434598214195,-81.807374237947,1.0,TD/CS,06212023  minutes.pdf,https://estero-fl.gov/wp-content/uploads/library-ada/minutes/2023%20MINUTES/06212023%20%20minutes.pdf,AgendaItemLocation,1,true,
Corkscrew Road,"Budget, Contracts & Purchasing",7,Village Council,Regular Meeting,Village Council,2023-10-18,2023-10-18,2023,Accepted,1806,4,Contract Approval,8801 Corkscrew Road Structure Demolition - RFB 2023-04,"8801 Corkscrew Road Structure Demolition - RFB 2023-04. Action: Approved award of Request for Bids No. RFB 2023-04, 8801 Corkscrew Road Structure Demolition to Southwest Builders Inc. to demolish the structure located at 8801 Corkscrew Road at a grand total cost of $106,890, approve a contingency fund amount of $10,689 (an amount equal to 10% of the total project cost) to cover unforeseen circumstances which may occur, and authorize the Village Manager to execute the contract documents on beh...","Approved award of Request for Bids No. RFB 2023-04, 8801 Corkscrew Road Structure Demolition to Southwest Builders Inc. to demolish the structure located at 8801 Corkscrew Road at a grand total cost of $106,890, approve a contingency fund amount of $10,689 (an amount equal to 10% of the total project cost) to cover unforeseen circumstances which may occur, and authorize the Village Manager to execute the contract documents on behalf of the Village of Estero Council","Approved award of Request for Bids No. RFB 2023-04, 8801 Corkscrew Road Structure Demolition to Southwest Builders Inc. to demolish the structure located at 8801 Corkscrew Road at a grand total cost of $106,890, approve a contingency fund amount of $10,689 (an amount equal to 10% of the total project cost) to cover unforeseen circumstances which may occur, and authorize the Village Manager to execute the contract documents on behalf of the Village of Estero Council","Approved award of Request for Bids No. RFB 2023-04, 8801 Corkscrew Road Structure Demolition to Southwest Builders Inc. to demolish the structure located at 8801 Corkscrew Road at a grand total cost of $106,890, approve a contingency fund amount of $10,689 (an amount equal to 10% of the total project cost) to cover unforeseen circumstances which may occur, and authorize the Village Manager to execute the contract documents on behalf of the Village of Estero Council",,,Detected,,RFB 2023-04,,"8801 Corkscrew Road, Estero, FL","8801 Corkscrew Road, Estero, FL",26.434598214195,-81.807374237947,1.0,TD/CS,10182023 minutes.pdf,https://estero-fl.gov/wp-content/uploads/library-ada/minutes/2023%20MINUTES/10182023%20minutes.pdf,AgendaItemLocation,1,true,
General Planning & Zoning,"Budget, Contracts & Purchasing",7,Village Council,Regular Meeting,Village Council,2016-02-10,2016-02-10,2016,Accepted,206,5,Vote,"RFP 2016-02 Council Chambers Audio, Video and Sound System","RFP 2016-02 Council Chambers Audio, Video and Sound System. Action: Authorized staff to distribute RFP 2016-02",Authorized staff to distribute RFP 2016-02,Authorized staff to distribute RFP 2016-02,Authorized staff to distribute RFP 2016-02,,,Unanimous,,RFP 2016-02,,"9401 Corkscrew Palms Circle, Estero, FL 33928","9401 Corkscrew Palms Circle, Estero, FL 33928",26.430490662544,-81.799280001688,0.9,DA/MI,021016 Council Regular Meeting Approved Minutes.pdf,https://estero-fl.gov/wp-content/uploads/library-ada/minutes/2016%20Minutes/Council/021016%20Council%20Regular%20Meeting%20Approved%20Minutes.pdf,AgendaItemLocation,1,true,
General Planning & Zoning,"Budget, Contracts & Purchasing",7,Village Council,Regular Meeting,Village Council,2016-03-23,2016-03-23,2016,Accepted,431,5,Unknown,"RFP 2016-02 Council Chambers Audio, Video and Sound System-Accept Proposal","RFP 2016-02 Council Chambers Audio, Video and Sound System-Accept Proposal. Action: Awarded the bid to ProAudio Services with the recommended add-ons",Awarded the bid to ProAudio Services with the recommended add-ons,Awarded the bid to ProAudio Services with the recommended add-ons,,,,Unanimous,,RFP 2016-02,,"9401 Corkscrew Palms Circle, Estero, FL 33928","9401 Corkscrew Palms Circle, Estero, FL 33928",26.430490662544,-81.799280001688,0.9,DA/MI,032316 Council Meeting Approved Minutes.pdf,https://estero-fl.gov/wp-content/uploads/library-ada/minutes/2016%20Minutes/Council/032316%20Council%20Meeting%20Approved%20Minutes.pdf,AgendaItemLocation,1,true,
General Planning & Zoning,"Budget, Contracts & Purchasing",7,Village Council,Regular Meeting,Village Council,2020-05-27,2020-05-27,2020,Accepted,2587,14,Vote,Computer Replacement Proposal,"Computer Replacement Proposal. Action: Authorized the Village Manager to approve the purchase of new computers from ProAudio for the Council Chambers, the purchase ofnew laptops, briefcases, and docking stations from Dell for staff, and the purchase of new laptops and briefcases from Dell or Apple for Council, depending on preference","Authorized the Village Manager to approve the purchase of new computers from ProAudio for the Council Chambers, the purchase ofnew laptops, briefcases, and docking stations from Dell for staff, and the purchase of new laptops and briefcases from Dell or Apple for Council, depending on preference","Authorized the Village Manager to approve the purchase of new computers from ProAudio for the Council Chambers, the purchase ofnew laptops, briefcases, and docking stations from Dell for staff, and the purchase of new laptops and briefcases from Dell or Apple for Council, depending on preference","Authorized the Village Manager to approve the purchase of new computers from ProAudio for the Council Chambers, the purchase ofnew laptops, briefcases, and docking stations from Dell for staff, and the purchase of new laptops and briefcases from Dell or Apple for Council, depending on preference",,,Detected,ProAudio,,,"9401 Corkscrew Palms Circle, Estero, FL 33928","9401 Corkscrew Palms Circle, Estero, FL 33928",26.430490662544,-81.799280001688,0.9,,2020-05-27 Council Meeting Minutes.pdf,https://estero-fl.gov/wp-content/uploads/library-ada/minutes/2020%20Minutes/Council/2020-05-27%20Council%20Meeting%20Minutes.pdf,AgendaItemLocation,1,true,
Horizon Council Foundation - Avalon at Grandezza Condominium,"Budget, Contracts & Purchasing",7,Village Council,Regular Meeting,Village Council,2015-07-01,2015-07-01,2015,Accepted,1104,7,Budget,Horizon Council Foundation,"Horizon Council Foundation. Action: Councilmember Wilson moved to allocate $2,500 as a Horizon Foundation investor, seconded by Councilmember Ribble. Discussion followed. In response to Village Manager Lombardi inquiring whether this would be coming from the current fiscal year budget, Councilmember Wilson responded that it should, if it could be done from the current fiscal year budget. Vice Mayor Levitan stated that there had been other requests from this year's budget and his understanding...","Councilmember Wilson moved to allocate $2,500 as a Horizon Foundation investor, seconded by Councilmember Ribble. Discussion followed. In response to Village Manager Lombardi inquiring whether this would be coming from the current fiscal year budget, Councilmember Wilson responded that it should, if it could be done from the current fiscal year budget. Vice Mayor Levitan stated that there had been other requests from this year's budget and his understanding was that Council took the position that until the Village had gone through a budget cycle and developed a fiscal year 2015/2016 budget, Council was not going to consider these types of requests. Councilmember Wilson stated that the Foundation was looking for the funding now and he believed the Village had sufficient funds if the Council chose to pay at this time. Councilmember Boesch inquired about the possibility of calling the Foundation to explain that this was the Village's first year, the budget did not include payment of co...","Councilmember Wilson moved to allocate $2,500 as a Horizon Foundation investor, seconded by Councilmember Ribble. Discussion followed. In response to Village Manager Lombardi inquiring whether this would be coming from the current fiscal year budget, Councilmember Wilson responded that it should, if it could be done from the current fiscal year budget. Vice Mayor Levitan stated that there had been other requests from this year's budget and his understanding was that Council took the position that until the Village had gone through a budget cycle and developed a fiscal year 2015/2016 budget, Council was not going to consider these types of requests. Councilmember Wilson stated that the Foundation was looking for the funding now and he believed the Village had sufficient funds if the Council chose to pay at this time. Councilmember Boesch inquired about the possibility of calling the Foundation to explain that this was the Village's first year, the budget did not include payment of co...","Councilmember Wilson moved to allocate $2,500 as a Horizon Foundation investor, seconded by Councilmember Ribble. Discussion followed. In response to Village Manager Lombardi inquiring whether this would be coming from the current fiscal year budget, Councilmember Wilson responded that it should, if it could be done from the current fiscal year budget. Vice Mayor Levitan stated that there had been other requests from this year's budget and his understanding was that Council took the position that until the Village had gone through a budget cycle and developed a fiscal year 2015/2016 budget, Council was not going to consider these types of requests. Councilmember Wilson stated that the Foundation was looking for the funding now and he believed the Village had sufficient funds if the Council chose to pay at this time. Councilmember Boesch inquired about the possibility of calling the Foundation to explain that this was the Village's first year, the budget did not include payment of co...",,,Detected,,,,Avalon at Grandezza Condominium,Avalon at Grandezza Condominium,26.44124231180666,-81.76991455364423,0.5,null,070115 Regular Meeting Approved Minutes.pdf,https://estero-fl.gov/wp-content/uploads/library-ada/minutes/2015%20Minutes/Council/070115%20Regular%20Meeting%20Approved%20Minutes.pdf,AgendaItemLocation,1,true,
Budget / Capital Improvement,"Budget, Contracts & Purchasing",7,Village Council,Regular Meeting,Village Council,2020-07-08,2020-07-08,2020,Accepted,1190,3,Resolution,"Resolution 2020-11 Of The Village Council Of The Village OfEstero, Florida, Approving A Budget Amendment For Coconut Road Improvement Study For Fiscal Year 2019-2020; And Providing An Effective Date Supplemental Task Authorization (STA)-14 under C...","Resolution 2020-11 Of The Village Council Of The Village OfEstero, Florida, Approving A Budget Amendment For Coconut Road Improvement Study For Fiscal Year 2019-2020; And Providing An Effective Date Supplemental Task Authorization (STA)-14 under CN 2020-0. Action: Approved Supplemental Task Authorization (STA)-14 under CN 2020-01 Miscellaneous Professional Services to Johnson Engineering, Inc.to perform a suite of design services for the Coconut Road Improvements Study, authorize the Village...","Approved Supplemental Task Authorization (STA)-14 under CN 2020-01 Miscellaneous Professional Services to Johnson Engineering, Inc.to perform a suite of design services for the Coconut Road Improvements Study, authorize the Village Manager to sign the STA and other additional implementing documents within the scope of the STA on behalf of the Village of Estero Council, and adopt Resolution No. 2020-11 for Fiscal Year 2019-2020 budget amendment","Approved Supplemental Task Authorization (STA)-14 under CN 2020-01 Miscellaneous Professional Services to Johnson Engineering, Inc.to perform a suite of design services for the Coconut Road Improvements Study, authorize the Village Manager to sign the STA and other additional implementing documents within the scope of the STA on behalf of the Village of Estero Council, and adopt Resolution No. 2020-11 for Fiscal Year 2019-2020 budget amendment","Approved Supplemental Task Authorization (STA)-14 under CN 2020-01 Miscellaneous Professional Services to Johnson Engineering, Inc.to perform a suite of design services for the Coconut Road Improvements Study, authorize the Village Manager to sign the STA and other additional implementing documents within the scope of the STA on behalf of the Village of Estero Council, and adopt Resolution No. 2020-11 for Fiscal Year 2019-2020 budget amendment",,,Detected,,CN 2020-0,,"Coconut Road from US 41 to Via Coconut Point, Estero, FL","Coconut Road from US 41 to Via Coconut Point, Estero, FL",26.398474495578,-81.808064278126,0.95,TD/SS,07082020 Council Meeting Minutes.pdf,https://estero-fl.gov/wp-content/uploads/library-ada/minutes/2020%20Minutes/Council/07082020%20Council%20Meeting%20Minutes.pdf,AgendaItemLocation,1,true,
Budget / Capital Improvement,"Budget, Contracts & Purchasing",7,Village Council,Regular Meeting,Village Council,2021-04-07,2021-04-07,2021,Accepted,530,3,Resolution,"Resolution No. 2021-10 of the Village Council of the Village of Estero, Florida, Approving the Second Budget Amendment for Fiscal Year 2020-2021 to Approve Use of Additional Village Funds and Provide a Funding Transfer for Corkscrew Road/Puente La...","Resolution No. 2021-10 of the Village Council of the Village of Estero, Florida, Approving the Second Budget Amendment for Fiscal Year 2020-2021 to Approve Use of Additional Village Funds and Provide a Funding Transfer for Corkscrew Road/Puente Lane Traff. Action: Approved Resolution 2021-10",Approved Resolution 2021-10,Approved Resolution 2021-10,Approved Resolution 2021-10,,,Detected,,Resolution No. 2021-10,,"Corkscrew Road & Puente Lane, Estero, FL","Corkscrew Road & Puente Lane, Estero, FL",26.431386394627,-81.784740920078,1.0,TD/CS,04072021 minutes.pdf,https://estero-fl.gov/wp-content/uploads/library-ada/minutes/2021%20Minutes/COUNCIL/04072021%20minutes.pdf,AgendaItemLocation,1,true,
Corkscrew Road,"Budget, Contracts & Purchasing",7,Village Council,Regular Meeting,Village Council,2020-05-27,2020-05-27,2020,Accepted,2580,7,Contract Approval,Corkscrew Road Interlocal Agreement,Corkscrew Road Interlocal Agreement. Action: 1) Approved the Interlocal Agreement between Lee County and The Village of Estero (Corkscrew Road Improvements). 2) Authorized the Mayor to execute the agreement on behalf of the Village of Estero Council,1) Approved the Interlocal Agreement between Lee County and The Village of Estero (Corkscrew Road Improvements). 2) Authorized the Mayor to execute the agreement on behalf of the Village of Estero Council,1) Approved the Interlocal Agreement between Lee County and The Village of Estero (Corkscrew Road Improvements). 2) Authorized the Mayor to execute the agreement on behalf of the Village of Estero Council,1) Approved the Interlocal Agreement between Lee County and The Village of Estero (Corkscrew Road Improvements). 2) Authorized the Mayor to execute the agreement on behalf of the Village of Estero Council,,,See minutes,,,,Corkscrew Road Widening Corridor,"Corkscrew Road from Ben Hill Griffin Parkway to east of Bella Terra Boulevard, Estero, FL",26.443916962688,-81.750022322755,0.9,,2020-05-27 Council Meeting Minutes.pdf,https://estero-fl.gov/wp-content/uploads/library-ada/minutes/2020%20Minutes/Council/2020-05-27%20Council%20Meeting%20Minutes.pdf,AgendaItemLocation,1,true,
Corkscrew Road,"Budget, Contracts & Purchasing",7,Village Council,Regular Meeting,Village Council,2024-11-06,2024-11-06,2024,Accepted,1967,7,Contract Approval,Corkscrew Road Corkscrew Road CMAR Contract Guaranteed Maximum Price (GMP) Addendum No. 01,Corkscrew Road Corkscrew Road CMAR Contract Guaranteed Maximum Price (GMP) Addendum No. 01. Action: Approved Contract Number 24005 GMP Addendum No. 01 and staff is to come back to Council within 45 days with scope reduction and cost reduction for Council to review,Approved Contract Number 24005 GMP Addendum No. 01 and staff is to come back to Council within 45 days with scope reduction and cost reduction for Council to review,Approved Contract Number 24005 GMP Addendum No. 01 and staff is to come back to Council within 45 days with scope reduction and cost reduction for Council to review,Approved Contract Number 24005 GMP Addendum No. 01 and staff is to come back to Council within 45 days with scope reduction and cost reduction for Council to review,,,Detected,,,,Corkscrew Road Widening Corridor,"Corkscrew Road from Ben Hill Griffin Parkway to east of Bella Terra Boulevard, Estero, FL",26.443916962688,-81.750022322755,0.9,TD/CS,11062024 minutes.pdf,https://estero-fl.gov/wp-content/uploads/library-ada/minutes/2024%20Minutes/11062024%20minutes.pdf,AgendaItemLocation,1,true,
Corkscrew Road,"Budget, Contracts & Purchasing",7,Village Council,Regular Meeting,Village Council,2024-04-03,2024-04-03,2024,Accepted,471,8,Contract Approval,"Construction Site Inspection Contract- Johnson Engineering, Inc","Construction Site Inspection Contract- Johnson Engineering, Inc. Action: Approved EC 2022-38 STA-13 in the amount of $175,486 with Johnson Engineering to perform construction site inspections for all projects within the Village of Estero, approve a $17,000 contingency for additional services that may be required to complete the project, authorize the Village Manager to sign the contract and other additional implementing documents within the scope of the contract on behalf of the Village of Es...","Approved EC 2022-38 STA-13 in the amount of $175,486 with Johnson Engineering to perform construction site inspections for all projects within the Village of Estero, approve a $17,000 contingency for additional services that may be required to complete the project, authorize the Village Manager to sign the contract and other additional implementing documents within the scope of the contract on behalf of the Village of Estero Council, and to approve and execute any subsequent amendments which do not require an increase in the not to exceed budget (with contingency)","Approved EC 2022-38 STA-13 in the amount of $175,486 with Johnson Engineering to perform construction site inspections for all projects within the Village of Estero, approve a $17,000 contingency for additional services that may be required to complete the project, authorize the Village Manager to sign the contract and other additional implementing documents within the scope of the contract on behalf of the Village of Estero Council, and to approve and execute any subsequent amendments which do not require an increase in the not to exceed budget (with contingency)","Approved EC 2022-38 STA-13 in the amount of $175,486 with Johnson Engineering to perform construction site inspections for all projects within the Village of Estero, approve a $17,000 contingency for additional services that may be required to complete the project, authorize the Village Manager to sign the contract and other additional implementing documents within the scope of the contract on behalf of the Village of Estero Council, and to approve and execute any subsequent amendments which do not require an increase in the not to exceed budget (with contingency)",,,Detected,Johnson Engineering,EC 2022-38,,"Corkscrew Road from I-75 to Ben Hill Griffin Parkway, Estero, FL","Corkscrew Road from I-75 to Ben Hill Griffin Parkway, Estero, FL",26.434333052689,-81.774029266916,0.5,TD/CS,04032024 minutes.pdf,https://estero-fl.gov/wp-content/uploads/library-ada/minutes/2024%20Minutes/04032024%20minutes.pdf,AgendaItemLocation,1,true,
Septic to Sewer,"Budget, Contracts & Purchasing",7,Village Council,Regular Meeting,Village Council,2021-09-22,2021-09-22,2021,Accepted,1629,6,Contract Approval,"Estero Bay Village, Sunny Groves, & Cypress Bend Utility Expansion Design & Permitting Contract","Estero Bay Village, Sunny Groves, & Cypress Bend Utility Expansion Design & Permitting Contract. Action: Approved award of Supplemental Task Authorization (STA) - 01 Contract EC 2020-37 with Tetra Tech, Inc. to provide Design and Permitting services for utility expansion projects under the Village's Misc. Service Contract CN 2020-01 for a not to exceed contract amount of $371,013, approve a contingency fund amount of $38,000 (an amount equal to 10% of the total project cost) to cover unforese...","Approved award of Supplemental Task Authorization (STA) - 01 Contract EC 2020-37 with Tetra Tech, Inc. to provide Design and Permitting services for utility expansion projects under the Village's Misc. Service Contract CN 2020-01 for a not to exceed contract amount of $371,013, approve a contingency fund amount of $38,000 (an amount equal to 10% of the total project cost) to cover unforeseen circumstances which may occur, and authorize the Village Manager to execute the STA with Tetra Tech, Inc. and any other related ancillary documents on behalf of the Village Council","Approved award of Supplemental Task Authorization (STA) - 01 Contract EC 2020-37 with Tetra Tech, Inc. to provide Design and Permitting services for utility expansion projects under the Village's Misc. Service Contract CN 2020-01 for a not to exceed contract amount of $371,013, approve a contingency fund amount of $38,000 (an amount equal to 10% of the total project cost) to cover unforeseen circumstances which may occur, and authorize the Village Manager to execute the STA with Tetra Tech, Inc. and any other related ancillary documents on behalf of the Village Council","Approved award of Supplemental Task Authorization (STA) - 01 Contract EC 2020-37 with Tetra Tech, Inc. to provide Design and Permitting services for utility expansion projects under the Village's Misc. Service Contract CN 2020-01 for a not to exceed contract amount of $371,013, approve a contingency fund amount of $38,000 (an amount equal to 10% of the total project cost) to cover unforeseen circumstances which may occur, and authorize the Village Manager to execute the STA with Tetra Tech, Inc. and any other related ancillary documents on behalf of the Village Council",,,Detected,Tetra Tech,EC 2020-37,,"Estero Bay Village, Estero, FL","Estero Bay Village, Estero, FL",26.4408,-81.8225,0.9,TD/CS,09222021 minutes.pdf,https://estero-fl.gov/wp-content/uploads/library-ada/minutes/2021%20Minutes/COUNCIL/09222021%20minutes.pdf,AgendaItemLocation,1,true,
Amendment Two to Contract EC - Estero Parkway,"Budget, Contracts & Purchasing",7,Village Council,Regular Meeting,Village Council,2020-02-05,2020-02-05,2020,Accepted,2538,6,Contract Approval,"Approve Amendment Two to Contract EC 2017-28 increasing the total contract by $96,900 from $792,724 to a Not to Exceed amount $853,624","Approve Amendment Two to Contract EC 2017-28 increasing the total contract by $96,900 from $792,724 to a Not to Exceed amount $853,624. Action: No formal action recorded. Approve Amendment Two to Contract EC 2017-28 increasing the total contract by $96,900 from $792,724 to a Not to Exceed amount $853,624","No formal action recorded. Approve Amendment Two to Contract EC 2017-28 increasing the total contract by $96,900 from $792,724 to a Not to Exceed amount $853,624","No formal action recorded. Approve Amendment Two to Contract EC 2017-28 increasing the total contract by $96,900 from $792,724 to a Not to Exceed amount $853,624",,,,,,EC 2017-28,,Estero Parkway,"Estero Parkway from US 41 to Three Oaks Parkway, Estero, FL",26.448792003304,-81.803409304378,0.5,,2020-02-05 Council Meeting Approved Minutes.pdf,https://estero-fl.gov/wp-content/uploads/library-ada/minutes/2020%20Minutes/Council/2020-02-05%20Council%20Meeting%20Approved%20Minutes.pdf,AgendaItemLocation,1,true,
Amendment Two to Contract EC - Estero Parkway,"Budget, Contracts & Purchasing",7,Village Council,Regular Meeting,Village Council,2020-02-05,2020-02-05,2020,Accepted,2540,8,Contract Approval,"Approved Amendment Two to Contract EC 2017-28 increasing the total contract by $96,900 from $792,724 to a Not to Exceed amount $853,624","Approved Amendment Two to Contract EC 2017-28 increasing the total contract by $96,900 from $792,724 to a Not to Exceed amount $853,624. Action: No formal action recorded. Approved Amendment Two to Contract EC 2017-28 increasing the total contract by $96,900 from $792,724 to a Not to Exceed amount $853,624","No formal action recorded. Approved Amendment Two to Contract EC 2017-28 increasing the total contract by $96,900 from $792,724 to a Not to Exceed amount $853,624","No formal action recorded. Approved Amendment Two to Contract EC 2017-28 increasing the total contract by $96,900 from $792,724 to a Not to Exceed amount $853,624","No formal action recorded. Approved Amendment Two to Contract EC 2017-28 increasing the total contract by $96,900 from $792,724 to a Not to Exceed amount $853,624",,,Detected,,EC 2017-28,,Estero Parkway,"Estero Parkway from US 41 to Three Oaks Parkway, Estero, FL",26.448792003304,-81.803409304378,0.5,,2020-02-05 Council Meeting Approved Minutes.pdf,https://estero-fl.gov/wp-content/uploads/library-ada/minutes/2020%20Minutes/Council/2020-02-05%20Council%20Meeting%20Approved%20Minutes.pdf,AgendaItemLocation,1,true,
CDBG-DR Infrastructure Grant Applications - Estero Parkway,"Budget, Contracts & Purchasing",7,Village Council,Regular Meeting,Village Council,2024-03-20,2024-03-20,2024,Accepted,419,3,Contract Approval,CDBG-DR Infrastructure Grant Applications,"CDBG-DR Infrastructure Grant Applications. Action: Approved EC 2023-38 STA-02 in the amount of $203,782 for Hagerty Consulting, Inc. to assist the Village of Estero in preparing and submitting CDBG-DR Infrastructure Grant applications, approve a $20,000 contingency for additional services that may be required to complete the project, and authorize the Village Manager to sign the contract and other additional implementing documents within the scope of the contract on behalf of the Village of E...","Approved EC 2023-38 STA-02 in the amount of $203,782 for Hagerty Consulting, Inc. to assist the Village of Estero in preparing and submitting CDBG-DR Infrastructure Grant applications, approve a $20,000 contingency for additional services that may be required to complete the project, and authorize the Village Manager to sign the contract and other additional implementing documents within the scope of the contract on behalf of the Village of Estero Council, and to approve and execute any subsequent amendments which do not require an increase in the not to exceed budget (with contingency)","Approved EC 2023-38 STA-02 in the amount of $203,782 for Hagerty Consulting, Inc. to assist the Village of Estero in preparing and submitting CDBG-DR Infrastructure Grant applications, approve a $20,000 contingency for additional services that may be required to complete the project, and authorize the Village Manager to sign the contract and other additional implementing documents within the scope of the contract on behalf of the Village of Estero Council, and to approve and execute any subsequent amendments which do not require an increase in the not to exceed budget (with contingency)","Approved EC 2023-38 STA-02 in the amount of $203,782 for Hagerty Consulting, Inc. to assist the Village of Estero in preparing and submitting CDBG-DR Infrastructure Grant applications, approve a $20,000 contingency for additional services that may be required to complete the project, and authorize the Village Manager to sign the contract and other additional implementing documents within the scope of the contract on behalf of the Village of Estero Council, and to approve and execute any subsequent amendments which do not require an increase in the not to exceed budget (with contingency)",,,Detected,,EC 2023-38,,"Estero Parkway from US 41 to Three Oaks Parkway, Estero, FL","Estero Parkway from US 41 to Three Oaks Parkway, Estero, FL",26.448792003304,-81.803409304378,0.5,TD/CS,03202024 minutes.pdf,https://estero-fl.gov/wp-content/uploads/library-ada/minutes/2024%20Minutes/03202024%20minutes.pdf,AgendaItemLocation,1,true,
Estero Parkway Improvements,"Budget, Contracts & Purchasing",7,Village Council,Regular Meeting,Village Council,2023-06-21,2023-06-21,2023,Accepted,1073,6,Contract Approval,Estero Parkway Plant Replacements - EC 2021-04 Amendment 5,Estero Parkway Plant Replacements - EC 2021-04 Amendment 5. Action: Approved award Contract EC 2021-04 Amendment 5 to replace plant materials along Estero Parkway and authorize the Village Manager to sign the contract amendment and other additional implementing documents within the scope of the contract amendment on behalf of the Village of Estero Council,Approved award Contract EC 2021-04 Amendment 5 to replace plant materials along Estero Parkway and authorize the Village Manager to sign the contract amendment and other additional implementing documents within the scope of the contract amendment on behalf of the Village of Estero Council,Approved award Contract EC 2021-04 Amendment 5 to replace plant materials along Estero Parkway and authorize the Village Manager to sign the contract amendment and other additional implementing documents within the scope of the contract amendment on behalf of the Village of Estero Council,Approved award Contract EC 2021-04 Amendment 5 to replace plant materials along Estero Parkway and authorize the Village Manager to sign the contract amendment and other additional implementing documents within the scope of the contract amendment on behalf of the Village of Estero Council,,,Detected,,EC 2021-04,,"Estero Parkway from US 41 to Three Oaks Parkway, Estero, FL","Estero Parkway from US 41 to Three Oaks Parkway, Estero, FL",26.448792003304,-81.803409304378,0.95,TD/CS,06212023  minutes.pdf,https://estero-fl.gov/wp-content/uploads/library-ada/minutes/2023%20MINUTES/06212023%20%20minutes.pdf,AgendaItemLocation,1,true,
Budget / Capital Improvement,"Budget, Contracts & Purchasing",7,Village Council,Regular Meeting,Village Council,2020-07-08,2020-07-08,2020,Accepted,1192,5,Vote,"Proposed Capital Improvement Program Review proposed Capital Improvement Program and move to second public hearing on July 22, 2020","Proposed Capital Improvement Program Review proposed Capital Improvement Program and move to second public hearing on July 22, 2020. Action: Motion Failed",Motion Failed,Motion Failed,Motion Failed,,,Detected,,,,"Estero River near Old Estero and Koreshan State Park, Estero, FL","Estero River near Old Estero and Koreshan State Park, Estero, FL",26.4360313,-81.8217353,0.5,TD/SS,07082020 Council Meeting Minutes.pdf,https://estero-fl.gov/wp-content/uploads/library-ada/minutes/2020%20Minutes/Council/07082020%20Council%20Meeting%20Minutes.pdf,AgendaItemLocation,1,true,
"Estero Sports Park Design Services Contract - RFP - Estero Sports Park, north of Williams Ro","Budget, Contracts & Purchasing",7,Village Council,Regular Meeting,Village Council,2024-10-02,2024-10-02,2024,Accepted,1704,3,Contract Approval,Estero Sports Park Design Services Contract - RFP 100424,"Estero Sports Park Design Services Contract - RFP 100424. Action: Approved Contract 24025 in the amount of $321,990 with Perez Planning + Design LLC to prepare schematic plan and design guidelines for the Estero Sports Park, approve a $32,000 contingency for additional service that may be required to complete the project, and authorize the Village Manager to sign the contract and other additional implementing documents within the scope of the contract on behalf of the Village of Estero Counci...","Approved Contract 24025 in the amount of $321,990 with Perez Planning + Design LLC to prepare schematic plan and design guidelines for the Estero Sports Park, approve a $32,000 contingency for additional service that may be required to complete the project, and authorize the Village Manager to sign the contract and other additional implementing documents within the scope of the contract on behalf of the Village of Estero Council, and to approve and execute any subsequent amendments which do not require an increase in the not to exceed budget (with contingency)","Approved Contract 24025 in the amount of $321,990 with Perez Planning + Design LLC to prepare schematic plan and design guidelines for the Estero Sports Park, approve a $32,000 contingency for additional service that may be required to complete the project, and authorize the Village Manager to sign the contract and other additional implementing documents within the scope of the contract on behalf of the Village of Estero Council, and to approve and execute any subsequent amendments which do not require an increase in the not to exceed budget (with contingency)","Approved Contract 24025 in the amount of $321,990 with Perez Planning + Design LLC to prepare schematic plan and design guidelines for the Estero Sports Park, approve a $32,000 contingency for additional service that may be required to complete the project, and authorize the Village Manager to sign the contract and other additional implementing documents within the scope of the contract on behalf of the Village of Estero Council, and to approve and execute any subsequent amendments which do not require an increase in the not to exceed budget (with contingency)",,,Detected,,,,"Estero Sports Park, north of Williams Road and east of Via Coconut Point, Estero, FL","Estero Sports Park, north of Williams Road and east of Via Coconut Point, Estero, FL",26.422098,-81.802186,0.95,TD/CS,10022024 minutes.pdf,https://estero-fl.gov/wp-content/uploads/library-ada/minutes/2024%20Minutes/10022024%20minutes.pdf,AgendaItemLocation,1,true,
"RFP-100625 - Estero Sports Park, north of Williams Ro","Budget, Contracts & Purchasing",7,Village Council,Regular Meeting,Village Council,2025-02-05,2025-02-05,2025,Accepted,189,9,Unknown,RFP 100625 Estero Sports Park CMAR Deleted from Agenda,RFP 100625 Estero Sports Park CMAR Deleted from Agenda. Action: No formal action recorded. RFP 100625 Estero Sports Park CMAR Deleted from Agenda,No formal action recorded. RFP 100625 Estero Sports Park CMAR Deleted from Agenda,No formal action recorded. RFP 100625 Estero Sports Park CMAR Deleted from Agenda,,,,,,,,"Estero Sports Park, north of Williams Road and east of Via Coconut Point, Estero, FL","Estero Sports Park, north of Williams Road and east of Via Coconut Point, Estero, FL",26.422098,-81.802186,0.95,TD/CS,02052025.pdf,https://estero-fl.gov/wp-content/uploads/library-ada/minutes/2025%20Minutes/Council/02052025.pdf,AgendaItemLocation,1,true,
"Resolution No. 2024-14 Goodwill Town Commons, A replat of Tract A, Estero Town Commons (PLT2023-E003) A Resolution of the Village Council of the Village of Estero, Florida, Approving Goodwill Town Commons, a Replat of Tract ""A"", ""Estero Town Commo...","Budget, Contracts & Purchasing",7,Village Council,Regular Meeting,Village Council,2024-07-03,2024-07-03,2024,Accepted,1137,14,Contract Approval,"Resolution No. 2024-14 Goodwill Town Commons, A replat of Tract A, Estero Town Commons (PLT2023-E003) A Resolution of the Village Council of the Village of Estero, Florida, Approving Goodwill Town Commons, a Replat of Tract ""A"", ""Estero Town Commo...","Resolution No. 2024-14 Goodwill Town Commons, A replat of Tract A, Estero Town Commons (PLT2023-E003) A Resolution of the Village Council of the Village of Estero, Florida, Approving Goodwill Town Commons, a Replat of Tract ""A"", ""Estero Town Commons"", Rec. Action: Approved the motion to direct the Village Attorney to work with the village manager to send kite an agreement for repayment to require that that agreement be executed by a certain date chosen by the manager and that if the agreement...","Approved the motion to direct the Village Attorney to work with the village manager to send kite an agreement for repayment to require that that agreement be executed by a certain date chosen by the manager and that if the agreement is not executed by that date, to authorize the village attorney to take legal action to collect the money due","Approved the motion to direct the Village Attorney to work with the village manager to send kite an agreement for repayment to require that that agreement be executed by a certain date chosen by the manager and that if the agreement is not executed by that date, to authorize the village attorney to take legal action to collect the money due","Approved the motion to direct the Village Attorney to work with the village manager to send kite an agreement for repayment to require that that agreement be executed by a certain date chosen by the manager and that if the agreement is not executed by that date, to authorize the village attorney to take legal action to collect the money due",,,Detected,,Resolution No. 2024-14,,Estero Town Commons Place,"Estero Town Commons Place, Estero, FL",26.430139,-81.786333,0.8,TD/CS,07032024 minutes.pdf,https://estero-fl.gov/wp-content/uploads/library-ada/minutes/2024%20Minutes/07032024%20minutes.pdf,AgendaItemLocation,1,true,
Budget / Capital Improvement,"Budget, Contracts & Purchasing",7,Village Council,Regular Meeting,Village Council,2020-01-22,2020-01-22,2020,Accepted,2531,9,Vote,Budget and Capital Improvement Program (CIP) Presentation This workshop was pulled from the agenda,Budget and Capital Improvement Program (CIP) Presentation This workshop was pulled from the agenda. Action: A motion to adjourn was made and duly passed,A motion to adjourn was made and duly passed,A motion to adjourn was made and duly passed,A motion to adjourn was made and duly passed,,,Detected,,,,Pelican Sound Subdivision,Pelican Sound Subdivision,26.42929045220349,-81.82471928963577,0.5,,2020-01-22 Council Meeting Approved Minutes.pdf,https://estero-fl.gov/wp-content/uploads/library-ada/minutes/2020%20Minutes/Council/2020-01-22%20Council%20Meeting%20Approved%20Minutes.pdf,AgendaItemLocation,1,true,
Budget / Capital Improvement,"Budget, Contracts & Purchasing",7,Village Council,Regular Meeting,Village Council,2020-02-05,2020-02-05,2020,Accepted,2544,12,Vote,Budget and Capital Improvement Program (CIP) Introduction,Budget and Capital Improvement Program (CIP) Introduction. Action: A motion to adjourn was made and duly passed,A motion to adjourn was made and duly passed,A motion to adjourn was made and duly passed,A motion to adjourn was made and duly passed,,,Detected,,,,Pelican Sound Subdivision,Pelican Sound Subdivision,26.42929045220349,-81.82471928963577,0.5,,2020-02-05 Council Meeting Approved Minutes.pdf,https://estero-fl.gov/wp-content/uploads/library-ada/minutes/2020%20Minutes/Council/2020-02-05%20Council%20Meeting%20Approved%20Minutes.pdf,AgendaItemLocation,1,true,
Right of Way Acquisition Services Contract - Sandy Lane,"Budget, Contracts & Purchasing",7,Village Council,Regular Meeting,Village Council,2024-02-07,2024-02-07,2024,Accepted,196,6,Contract Approval,River Ranch Road Easement Acquisition Services Contract,"River Ranch Road Easement Acquisition Services Contract. Action: Approved EC 2024-06 STA-03 in the amount of $200,600 for Florida Acquisition & Appraisal Inc. to provide easement acquisition services for the River Ranch Road Improvements Project, approve a $20,000 contingency for additional services that may be required to complete the project, and authorize the Village Manager to sign the contract and other additional implementing documents within the scope of the contract on behalf of the V...","Approved EC 2024-06 STA-03 in the amount of $200,600 for Florida Acquisition & Appraisal Inc. to provide easement acquisition services for the River Ranch Road Improvements Project, approve a $20,000 contingency for additional services that may be required to complete the project, and authorize the Village Manager to sign the contract and other additional implementing documents within the scope of the contract on behalf of the Village of Estero Council, and to approve and execute any subsequent amendments which do not require an increase in the not to exceed budget (with contingency)","Approved EC 2024-06 STA-03 in the amount of $200,600 for Florida Acquisition & Appraisal Inc. to provide easement acquisition services for the River Ranch Road Improvements Project, approve a $20,000 contingency for additional services that may be required to complete the project, and authorize the Village Manager to sign the contract and other additional implementing documents within the scope of the contract on behalf of the Village of Estero Council, and to approve and execute any subsequent amendments which do not require an increase in the not to exceed budget (with contingency)","Approved EC 2024-06 STA-03 in the amount of $200,600 for Florida Acquisition & Appraisal Inc. to provide easement acquisition services for the River Ranch Road Improvements Project, approve a $20,000 contingency for additional services that may be required to complete the project, and authorize the Village Manager to sign the contract and other additional implementing documents within the scope of the contract on behalf of the Village of Estero Council, and to approve and execute any subsequent amendments which do not require an increase in the not to exceed budget (with contingency)",,,Detected,,EC 2024-06,,"River Ranch Road from Williams Road to Corkscrew Road, Estero, FL","River Ranch Road from Williams Road to Corkscrew Road, Estero, FL",26.425785502152,-81.794620501714,0.95,TD/CS,02072024 minutes.pdf,https://estero-fl.gov/wp-content/uploads/library-ada/minutes/2024%20Minutes/02072024%20minutes.pdf,AgendaItemLocation,1,true,
"River Ranch Road Improvements - Planning, Design, and Permitting Contract","Budget, Contracts & Purchasing",7,Village Council,Regular Meeting,Village Council,2019-12-04,2019-12-04,2019,Accepted,2498,6,Contract Approval,"Planning, Design and Permitting Services for River Ranch Road Improvements CN 2019-04","Planning, Design and Permitting Services for River Ranch Road Improvements CN 2019-04. Action: 1) Approved consultants ranking for River Ranch Road Improvements as follows: 1. CW3 Engineering, Inc.; 2. Barraco and Associates, Inc. 3. Hole Montes, Inc. 2) Authorized staff to negotiate a contract with the Number 1 ranked firm, CW3 Engineering, Inc. to provide professional consulting services for the River Ranch Road Improvements project","1) Approved consultants ranking for River Ranch Road Improvements as follows: 1. CW3 Engineering, Inc.; 2. Barraco and Associates, Inc. 3. Hole Montes, Inc. 2) Authorized staff to negotiate a contract with the Number 1 ranked firm, CW3 Engineering, Inc. to provide professional consulting services for the River Ranch Road Improvements project","1) Approved consultants ranking for River Ranch Road Improvements as follows: 1. CW3 Engineering, Inc.; 2. Barraco and Associates, Inc. 3. Hole Montes, Inc. 2) Authorized staff to negotiate a contract with the Number 1 ranked firm, CW3 Engineering, Inc. to provide professional consulting services for the River Ranch Road Improvements project","1) Approved consultants ranking for River Ranch Road Improvements as follows: 1. CW3 Engineering, Inc.; 2. Barraco and Associates, Inc. 3. Hole Montes, Inc. 2) Authorized staff to negotiate a contract with the Number 1 ranked firm, CW3 Engineering, Inc. to provide professional consulting services for the River Ranch Road Improvements project",,,Detected,,CN 2019-04,,"River Ranch Road from Williams Road to Corkscrew Road, Estero, FL","River Ranch Road from Williams Road to Corkscrew Road, Estero, FL",26.425785502152,-81.794620501714,0.95,,20191204 Council Meeting Approved Minutes.pdf,https://estero-fl.gov/wp-content/uploads/library-ada/minutes/2019%20MINUTES/Council/20191204%20Council%20Meeting%20Approved%20Minutes.pdf,AgendaItemLocation,1,true,
"contract with CW3 Engineering, Inc. to provide professional engineering services to proceed with the planning, design and permitting services work required for the River Ranch Road Improvements","Budget, Contracts & Purchasing",7,Village Council,Regular Meeting,Village Council,2020-01-08,2020-01-08,2020,Accepted,2516,9,Contract Approval,"Approve the contract with CW3 Engineering, Inc. to provide professional engineering services to proceed with the planning, design and permitting services work required for the River Ranch Road Improvements","Approve the contract with CW3 Engineering, Inc. to provide professional engineering services to proceed with the planning, design and permitting services work required for the River Ranch Road Improvements. Action: No formal action recorded. Approve the contract with CW3 Engineering, Inc. to provide professional engineering services to proceed with the planning, design and permitting services work required for the River Ranch Road Improvements","No formal action recorded. Approve the contract with CW3 Engineering, Inc. to provide professional engineering services to proceed with the planning, design and permitting services work required for the River Ranch Road Improvements","No formal action recorded. Approve the contract with CW3 Engineering, Inc. to provide professional engineering services to proceed with the planning, design and permitting services work required for the River Ranch Road Improvements",,,,,CW3 Engineering,,,"River Ranch Road from Williams Road to Corkscrew Road, Estero, FL","River Ranch Road from Williams Road to Corkscrew Road, Estero, FL",26.425785502152,-81.794620501714,0.95,,2020-01-08 Council Meeting Approved Minutes.pdf,https://estero-fl.gov/wp-content/uploads/library-ada/minutes/2020%20Minutes/Council/2020-01-08%20Council%20Meeting%20Approved%20Minutes.pdf,AgendaItemLocation,1,true,
"contract with CW3 Engineering, Inc. to provide professional engineering services to proceed with the planning, design and permitting services work required for the River Ranch Road Improvements","Budget, Contracts & Purchasing",7,Village Council,Regular Meeting,Village Council,2020-01-08,2020-01-08,2020,Accepted,2518,11,Contract Approval,"Approved the contract with CW3 Engineering, Inc. to provide professional engineering services to proceed with the planning, design and permitting services work required for the River Ranch Road Improvements","Approved the contract with CW3 Engineering, Inc. to provide professional engineering services to proceed with the planning, design and permitting services work required for the River Ranch Road Improvements. Action: No formal action recorded. Approved the contract with CW3 Engineering, Inc. to provide professional engineering services to proceed with the planning, design and permitting services work required for the River Ranch Road Improvements","No formal action recorded. Approved the contract with CW3 Engineering, Inc. to provide professional engineering services to proceed with the planning, design and permitting services work required for the River Ranch Road Improvements","No formal action recorded. Approved the contract with CW3 Engineering, Inc. to provide professional engineering services to proceed with the planning, design and permitting services work required for the River Ranch Road Improvements","No formal action recorded. Approved the contract with CW3 Engineering, Inc. to provide professional engineering services to proceed with the planning, design and permitting services work required for the River Ranch Road Improvements",,,Detected,CW3 Engineering,,,"River Ranch Road from Williams Road to Corkscrew Road, Estero, FL","River Ranch Road from Williams Road to Corkscrew Road, Estero, FL",26.425785502152,-81.794620501714,0.95,,2020-01-08 Council Meeting Approved Minutes.pdf,https://estero-fl.gov/wp-content/uploads/library-ada/minutes/2020%20Minutes/Council/2020-01-08%20Council%20Meeting%20Approved%20Minutes.pdf,AgendaItemLocation,1,true,
"Public Hearing to Consider Settlement Agreement between the Village of Estero and Argo Corkscrew Crossing, LP; Argo US LLC; Argo Land US, LLC; and Richard I. Templeton Family Trust Mayor Ribble provided an introduction followed by","Budget, Contracts & Purchasing",7,Village Council,Regular Meeting,Village Council,2019-05-01,2019-05-01,2019,Accepted,2352,3,Contract Approval,"Public Hearing to Consider Settlement Agreement between the Village of Estero and Argo Corkscrew Crossing, LP; Argo US LLC; Argo Land US, LLC; and Richard I. Templeton Family Trust Mayor Ribble provided an introduction followed by","Public Hearing to Consider Settlement Agreement between the Village of Estero and Argo Corkscrew Crossing, LP; Argo US LLC; Argo Land US, LLC; and Richard I. Templeton Family Trust Mayor Ribble provided an introduction followed by. Action: Approved the Settlement Agreement between the Village of Estero and Argo Corkscrew Crossing, LP; Argo US LLC; Argo Land US, LLC; and Richard I. Templeton Family Trust","Approved the Settlement Agreement between the Village of Estero and Argo Corkscrew Crossing, LP; Argo US LLC; Argo Land US, LLC; and Richard I. Templeton Family Trust","Approved the Settlement Agreement between the Village of Estero and Argo Corkscrew Crossing, LP; Argo US LLC; Argo Land US, LLC; and Richard I. Templeton Family Trust","Approved the Settlement Agreement between the Village of Estero and Argo Corkscrew Crossing, LP; Argo US LLC; Argo Land US, LLC; and Richard I. Templeton Family Trust",,,Unanimous,,,,Rivercreek,"Rivercreek, Estero, FL",26.4447,-81.744019,0.8,null,2019-05-01 Council Meeting Approved Minutes.pdf,https://estero-fl.gov/wp-content/uploads/library-ada/minutes/2019%20MINUTES/Council/2019-05-01%20Council%20Meeting%20Approved%20Minutes.pdf,AgendaItemLocation,1,true,
Interlocal Agreement with San Carlos Park Fire Protection & Rescue Services District for Fire Services,"Budget, Contracts & Purchasing",7,Village Council,Emergency Meeting,Village Council,2017-09-06,2017-09-06,2017,Accepted,1424,6,Contract Approval,Interlocal Agreement with San Carlos Park Fire Protection & Rescue Services District for Fire Services,Interlocal Agreement with San Carlos Park Fire Protection & Rescue Services District for Fire Services. Action: Approved the Interlocal Agreement with San Carlos Park Fire Protection & Rescue Services District for fire services,Approved the Interlocal Agreement with San Carlos Park Fire Protection & Rescue Services District for fire services,Approved the Interlocal Agreement with San Carlos Park Fire Protection & Rescue Services District for fire services,Approved the Interlocal Agreement with San Carlos Park Fire Protection & Rescue Services District for fire services,,,Unanimous,San Carlos Park Fire Protection & Rescue Services District,,,San Carlos Community Pool,San Carlos Community Pool,26.472200171612343,-81.81472550367627,0.88,,090617 Council Special Emergency Meeting Approved Minutes.pdf,https://estero-fl.gov/wp-content/uploads/library-ada/minutes/2017%20Minutes/Council/090617%20Council%20Special%20Emergency%20Meeting%20Approved%20Minutes.pdf,AgendaItemLocation,1,true,
US 41 & Three Oaks Monument Sign Construction Plans & Permitting Contract - US 41 / Tamiami Trail,"Budget, Contracts & Purchasing",7,Village Council,Regular Meeting,Village Council,2021-09-22,2021-09-22,2021,Accepted,1630,7,Contract Approval,US 41 & Three Oaks Monument Sign Construction Plans & Permitting Contract,"US 41 & Three Oaks Monument Sign Construction Plans & Permitting Contract. Action: Approved award of Supplemental Task Authorization (STA) - 01 Contract EC 2020-72 with DRMP, Inc. to provide Construction Plan and Permitting services for Village of Estero monument signs under the Village's Misc. Service Contract CN 2020-01 for a not to exceed contract amount of $59,960.00, approve a contingency fund amount of $6,000 (an amount equal to 10% of the total project cost) to cover unforeseen circums...","Approved award of Supplemental Task Authorization (STA) - 01 Contract EC 2020-72 with DRMP, Inc. to provide Construction Plan and Permitting services for Village of Estero monument signs under the Village's Misc. Service Contract CN 2020-01 for a not to exceed contract amount of $59,960.00, approve a contingency fund amount of $6,000 (an amount equal to 10% of the total project cost) to cover unforeseen circumstances which may occur, adding two additional signs with the additional budget to be determined, and authorize the Village Manager to execute the STA with DRMP, Inc. and any other related ancillary documents on behalf of the Village Council","Approved award of Supplemental Task Authorization (STA) - 01 Contract EC 2020-72 with DRMP, Inc. to provide Construction Plan and Permitting services for Village of Estero monument signs under the Village's Misc. Service Contract CN 2020-01 for a not to exceed contract amount of $59,960.00, approve a contingency fund amount of $6,000 (an amount equal to 10% of the total project cost) to cover unforeseen circumstances which may occur, adding two additional signs with the additional budget to be determined, and authorize the Village Manager to execute the STA with DRMP, Inc. and any other related ancillary documents on behalf of the Village Council","Approved award of Supplemental Task Authorization (STA) - 01 Contract EC 2020-72 with DRMP, Inc. to provide Construction Plan and Permitting services for Village of Estero monument signs under the Village's Misc. Service Contract CN 2020-01 for a not to exceed contract amount of $59,960.00, approve a contingency fund amount of $6,000 (an amount equal to 10% of the total project cost) to cover unforeseen circumstances which may occur, adding two additional signs with the additional budget to be determined, and authorize the Village Manager to execute the STA with DRMP, Inc. and any other related ancillary documents on behalf of the Village Council",,,Detected,DRMP,EC 2020-72,,US 41 / Tamiami Trail,"US 41 from Williams Road to Estero Parkway, Estero, FL",26.434255,-81.814695788461,0.9,TD/CS,09222021 minutes.pdf,https://estero-fl.gov/wp-content/uploads/library-ada/minutes/2021%20Minutes/COUNCIL/09222021%20minutes.pdf,AgendaItemLocation,1,true,
US 41 & Three Oaks Monument Sign Construction Plans & Permitting Contract - US 41 / Tamiami Trail,"Budget, Contracts & Purchasing",7,Village Council,Regular Meeting,Village Council,2021-11-03,2021-11-03,2021,Accepted,1937,4,Contract Approval,US 41 & Three Oaks Northern Monument Sign Construction Plans & Permitting Contract,"US 41 & Three Oaks Northern Monument Sign Construction Plans & Permitting Contract. Action: Approved the award of Supplemental Task Authorization (STA) - 02 Contract EC 2020-72 with DRMP, Inc. to provide Construction Plan and Permitting services for Village of Estero monument signs under the Village's Misc. Service Contract CN 2020-01 for a not to exceed contract amount of $79,990, approve a contingency fund amount of $8,000 (an amount equal to 10% of the total project cost) to cover unforese...","Approved the award of Supplemental Task Authorization (STA) - 02 Contract EC 2020-72 with DRMP, Inc. to provide Construction Plan and Permitting services for Village of Estero monument signs under the Village's Misc. Service Contract CN 2020-01 for a not to exceed contract amount of $79,990, approve a contingency fund amount of $8,000 (an amount equal to 10% of the total project cost) to cover unforeseen circumstances which may occur, and authorize the Village Manager to execute the STA with DRMP, Inc. and any other related ancillary documents on behalf of the Village Council","Approved the award of Supplemental Task Authorization (STA) - 02 Contract EC 2020-72 with DRMP, Inc. to provide Construction Plan and Permitting services for Village of Estero monument signs under the Village's Misc. Service Contract CN 2020-01 for a not to exceed contract amount of $79,990, approve a contingency fund amount of $8,000 (an amount equal to 10% of the total project cost) to cover unforeseen circumstances which may occur, and authorize the Village Manager to execute the STA with DRMP, Inc. and any other related ancillary documents on behalf of the Village Council","Approved the award of Supplemental Task Authorization (STA) - 02 Contract EC 2020-72 with DRMP, Inc. to provide Construction Plan and Permitting services for Village of Estero monument signs under the Village's Misc. Service Contract CN 2020-01 for a not to exceed contract amount of $79,990, approve a contingency fund amount of $8,000 (an amount equal to 10% of the total project cost) to cover unforeseen circumstances which may occur, and authorize the Village Manager to execute the STA with DRMP, Inc. and any other related ancillary documents on behalf of the Village Council",,,Detected,DRMP,EC 2020-72,,US 41 / Tamiami Trail,"US 41 from Williams Road to Estero Parkway, Estero, FL",26.434255,-81.814695788461,0.9,TD/CS,11032021 minutes.pdf,https://estero-fl.gov/wp-content/uploads/library-ada/minutes/2021%20Minutes/COUNCIL/11032021%20minutes.pdf,AgendaItemLocation,1,true,
US 41 Median Landscaping,"Budget, Contracts & Purchasing",7,Village Council,Regular Meeting,Village Council,2023-11-01,2023-11-01,2023,Accepted,1905,4,Contract Approval,US 41 North Monument Sign Contract,"US 41 North Monument Sign Contract. Action: Approved EC 2019-66 Supplemental Task Authorization (STA) - 42 for the engagement of P&T Lawn and Tractor to construct and install a monument sign on US 41 at a total cost of $66,675, approve a contingency fund amount of $6,700 (an amount equal to 10% of the total project cost) to cover unforeseen circumstances which may occur, and authorize the Village Manager to execute the STA on behalf of the Village of Estero Council","Approved EC 2019-66 Supplemental Task Authorization (STA) - 42 for the engagement of P&T Lawn and Tractor to construct and install a monument sign on US 41 at a total cost of $66,675, approve a contingency fund amount of $6,700 (an amount equal to 10% of the total project cost) to cover unforeseen circumstances which may occur, and authorize the Village Manager to execute the STA on behalf of the Village of Estero Council","Approved EC 2019-66 Supplemental Task Authorization (STA) - 42 for the engagement of P&T Lawn and Tractor to construct and install a monument sign on US 41 at a total cost of $66,675, approve a contingency fund amount of $6,700 (an amount equal to 10% of the total project cost) to cover unforeseen circumstances which may occur, and authorize the Village Manager to execute the STA on behalf of the Village of Estero Council","Approved EC 2019-66 Supplemental Task Authorization (STA) - 42 for the engagement of P&T Lawn and Tractor to construct and install a monument sign on US 41 at a total cost of $66,675, approve a contingency fund amount of $6,700 (an amount equal to 10% of the total project cost) to cover unforeseen circumstances which may occur, and authorize the Village Manager to execute the STA on behalf of the Village of Estero Council",,,Detected,,EC 2019-66,,US 41 / Tamiami Trail,"US 41 from Williams Road to Estero Parkway, Estero, FL",26.434255,-81.814695788461,0.9,TD/CS,11012023 minutes.pdf,https://estero-fl.gov/wp-content/uploads/library-ada/minutes/2023%20MINUTES/11012023%20minutes.pdf,AgendaItemLocation,1,true,
US 41 Southern Monument Sign Contract - Stoneybrook,"Budget, Contracts & Purchasing",7,Village Council,Regular Meeting,Village Council,2023-03-01,2023-03-01,2023,Accepted,309,4,Contract Approval,US 41 Southern Monument Sign Contract,"US 41 Southern Monument Sign Contract. Action: Approves Supplemental Task Authorization (STA)-34 under contract EC 2019-06 to P & T Lawn and Tractor Service, Inc. to construct and install a monument sign on US 41 at a total cost of $69,968, approve a contingency fund amount of $7,000 (an amount equal to 10% of the total project cost) to cover unforeseen circumstances which may occur, and authorize the Village Manager to execute the STA on behalf of the Village of Estero Council","Approves Supplemental Task Authorization (STA)-34 under contract EC 2019-06 to P & T Lawn and Tractor Service, Inc. to construct and install a monument sign on US 41 at a total cost of $69,968, approve a contingency fund amount of $7,000 (an amount equal to 10% of the total project cost) to cover unforeseen circumstances which may occur, and authorize the Village Manager to execute the STA on behalf of the Village of Estero Council","Approves Supplemental Task Authorization (STA)-34 under contract EC 2019-06 to P & T Lawn and Tractor Service, Inc. to construct and install a monument sign on US 41 at a total cost of $69,968, approve a contingency fund amount of $7,000 (an amount equal to 10% of the total project cost) to cover unforeseen circumstances which may occur, and authorize the Village Manager to execute the STA on behalf of the Village of Estero Council",,,,Detected,,EC 2019-06,,US 41 / Tamiami Trail,"US 41 from Williams Road to Estero Parkway, Estero, FL",26.434255,-81.814695788461,0.9,TD/CS,03012023 minutes.pdf,https://estero-fl.gov/wp-content/uploads/library-ada/minutes/2023%20MINUTES/03012023%20minutes.pdf,AgendaItemLocation,1,true,
Budget / Capital Improvement,"Budget, Contracts & Purchasing",7,Village Council,Regular Meeting,Village Council,2021-04-07,2021-04-07,2021,Accepted,531,4,Resolution,"Resolution No. 2021-12 of the Village Council of the Village of Estero, Florida, Approving the Third Budget Amendment for Fiscal Year 2020-2021 to Approve Use of Additional Village Funds and Provide a Funding Transfer for Williams Road and Atlanti...","Resolution No. 2021-12 of the Village Council of the Village of Estero, Florida, Approving the Third Budget Amendment for Fiscal Year 2020-2021 to Approve Use of Additional Village Funds and Provide a Funding Transfer for Williams Road and Atlantic Gulf B. Action: Approved Resolution 2021-12",Approved Resolution 2021-12,Approved Resolution 2021-12,Approved Resolution 2021-12,,,Detected,,Resolution No. 2021-12,,"Williams Road & Atlantic Gulf Boulevard, Estero, FL","Williams Road & Atlantic Gulf Boulevard, Estero, FL",26.420304009887,-81.812656010414,1.0,TD/CS,04072021 minutes.pdf,https://estero-fl.gov/wp-content/uploads/library-ada/minutes/2021%20Minutes/COUNCIL/04072021%20minutes.pdf,AgendaItemLocation,1,true,
Williams Road Improvements,"Budget, Contracts & Purchasing",7,Village Council,Regular Meeting,Village Council,2024-11-06,2024-11-06,2024,Accepted,1969,9,Contract Approval,Williams Road Easement Acquisition Services Contract,"Williams Road Easement Acquisition Services Contract. Action: Approved EC 2024-06 STA -07 in the amount of $97,500 for Florida Acquisition & Appraisal Inc. to provide acquisition services for the Williams Road ditch, approve a $9,750 contingency for additional services that may be required to complete the project, and authorize the Village Manager to sign the contract and other additional implementing documents within the scope of the contract on behalf of the Village of Estero Council, and t...","Approved EC 2024-06 STA -07 in the amount of $97,500 for Florida Acquisition & Appraisal Inc. to provide acquisition services for the Williams Road ditch, approve a $9,750 contingency for additional services that may be required to complete the project, and authorize the Village Manager to sign the contract and other additional implementing documents within the scope of the contract on behalf of the Village of Estero Council, and to approve and execute any subsequent amendments which do not require an increase in the not to exceed budget (with contingency)","Approved EC 2024-06 STA -07 in the amount of $97,500 for Florida Acquisition & Appraisal Inc. to provide acquisition services for the Williams Road ditch, approve a $9,750 contingency for additional services that may be required to complete the project, and authorize the Village Manager to sign the contract and other additional implementing documents within the scope of the contract on behalf of the Village of Estero Council, and to approve and execute any subsequent amendments which do not require an increase in the not to exceed budget (with contingency)","Approved EC 2024-06 STA -07 in the amount of $97,500 for Florida Acquisition & Appraisal Inc. to provide acquisition services for the Williams Road ditch, approve a $9,750 contingency for additional services that may be required to complete the project, and authorize the Village Manager to sign the contract and other additional implementing documents within the scope of the contract on behalf of the Village of Estero Council, and to approve and execute any subsequent amendments which do not require an increase in the not to exceed budget (with contingency)",,,Detected,,EC 2024-06,,"Williams Road from US 41 to Via Coconut Point, Estero, FL","Williams Road from US 41 to Via Coconut Point, Estero, FL",26.420397237605,-81.80904475125,0.95,TD/CS,11062024 minutes.pdf,https://estero-fl.gov/wp-content/uploads/library-ada/minutes/2024%20Minutes/11062024%20minutes.pdf,AgendaItemLocation,1,true,
Williams Road Improvements,"Budget, Contracts & Purchasing",7,Village Council,Regular Meeting,Village Council,2020-07-08,2020-07-08,2020,Accepted,1198,11,Contract Approval,"Concur with the recommendation of the evaluation committee to select all 39 consulting firms that submitted Letters of Interest under CN 2020-01, for a contract period of two years commencing on July 8, 2020. (List of firms available upon request)","Concur with the recommendation of the evaluation committee to select all 39 consulting firms that submitted Letters of Interest under CN 2020-01, for a contract period of two years commencing on July 8, 2020. (List of firms available upon request). Action: No formal action recorded. Concur with the recommendation of the evaluation committee to select all 39 consulting firms that submitted Letters of Interest under CN 2020-01, for a contract period of two years commencing on July 8, 2020. (Lis...","No formal action recorded. Concur with the recommendation of the evaluation committee to select all 39 consulting firms that submitted Letters of Interest under CN 2020-01, for a contract period of two years commencing on July 8, 2020. (List of firms available upon request)","No formal action recorded. Concur with the recommendation of the evaluation committee to select all 39 consulting firms that submitted Letters of Interest under CN 2020-01, for a contract period of two years commencing on July 8, 2020. (List of firms available upon request)",,,,,,CN 2020-01,,"Williams Road from Via Coconut Point to Three Oaks Parkway, Estero, FL","Williams Road from Via Coconut Point to Three Oaks Parkway, Estero, FL",26.420434746622,-81.797464230004,0.5,TD/SS,07082020 Council Meeting Minutes.pdf,https://estero-fl.gov/wp-content/uploads/library-ada/minutes/2020%20Minutes/Council/07082020%20Council%20Meeting%20Minutes.pdf,AgendaItemLocation,1,true,
US 41 Median Landscaping,"Budget, Contracts & Purchasing",7,Village Council,Regular Meeting,Village Council,2023-09-07,2023-09-07,2023,Accepted,1449,11,Contract Approval,Three Oaks Parkway Monument Sign Contract EC 2019-66 STA 41,"Three Oaks Parkway Monument Sign Contract EC 2019-66 STA 41. Action: Approved award EC 2019-66 Supplemental Task Authorization (STA)- 41 for the engagement of a Contractor to construct and install a monument sign on Three Oaks Parkway at a total cost of $74,449, approve a contingency fund amount of $7,500 (an amount equal to 10% of the total project cost) to cover unforeseen circumstances which may occur, and authorize the Village Manager to execute the STA on behalf of the Village of Estero...","Approved award EC 2019-66 Supplemental Task Authorization (STA)- 41 for the engagement of a Contractor to construct and install a monument sign on Three Oaks Parkway at a total cost of $74,449, approve a contingency fund amount of $7,500 (an amount equal to 10% of the total project cost) to cover unforeseen circumstances which may occur, and authorize the Village Manager to execute the STA on behalf of the Village of Estero Council","Approved award EC 2019-66 Supplemental Task Authorization (STA)- 41 for the engagement of a Contractor to construct and install a monument sign on Three Oaks Parkway at a total cost of $74,449, approve a contingency fund amount of $7,500 (an amount equal to 10% of the total project cost) to cover unforeseen circumstances which may occur, and authorize the Village Manager to execute the STA on behalf of the Village of Estero Council","Approved award EC 2019-66 Supplemental Task Authorization (STA)- 41 for the engagement of a Contractor to construct and install a monument sign on Three Oaks Parkway at a total cost of $74,449, approve a contingency fund amount of $7,500 (an amount equal to 10% of the total project cost) to cover unforeseen circumstances which may occur, and authorize the Village Manager to execute the STA on behalf of the Village of Estero Council",,,Detected,,EC 2019-66,,along Three Oaks Parkway,along Three Oaks Parkway,26.43322615964779,-81.78756454009005,0.7,TD/CS,09072023 minutes.pdf,https://estero-fl.gov/wp-content/uploads/library-ada/minutes/2023%20MINUTES/09072023%20minutes.pdf,AgendaItemLocation,1,true,
