project_id,project_name,description,start_year,status
1,Village Wide Traffic Study Contract - Bella Terra,,,Active
2,Right of Way Acquisition Services Contract - Sandy Lane,,,Active
3,"Estero Bay Village, Sunny Groves & Cypress Bend Gravity Sewer Smoke & Closed- circuit Television",,,Active
4,Resolution 2017-01 - Coconut Point,,,Active
5,Traffic Signal Maintenance Agreement with Lee County This agreement will provide the Village with maintenance services for the traffic signal intersection at Via Coconut Point and Coconut Road,,,Active
6,Estero United Methodist Church Zoning Amendment,,,Active
7,Comprehensive Plan Amendment Transmittal,,,Active
8,Rezoning for the Reef,,,Active
9,Estero River Sediment Analysis EC - Estero River near Old Estero and Koresha,,,Active
10,Broadway West UEP - Broadway Avenue West,,,Active
11,Village of Estero Northern Monument Sign Concepts,,,Active
12,Community Development Software Contract RFI - Estero Parkway,,,Active
13,"Raptor Bay Golf Course Renovation Village Council Minutes - January 5,2022 Page 5 of 6",,,Active
14,Corkscrew Rd and Puente Lane Traffic Signal Update - Corkscrew Rd & Puente Ln,,,Active
15,Village of Estero Water Monitoring Contract - Corkscrew Road,,,Active
16,Coconut Trace,,,Active
17,Corkscrew Road,,,Active
18,Public Works Update,,,Active
19,Abbiati Dental and Medical Office Building - US 41 / Tamiami Trail,,,Active
20,Via Coconut - Corkscrew Rd,,,Active
21,Estero Crossing Residential - Corkscrew Road,,,Active
22,"Bonita Springs Projects - Pelican Landing I Raptor Bay Brief introduction provided by Community Development Director Mary Gibbs. Presentation by: Vicki Olson, The Colony resident, Coconut Road/West Neighborhood Coalition, provided a summary of the issues - Casta Del Sol at Pelican Landing Condomi",,,Active
23,Case #DCI - along Corkscrew Road,,,Active
24,Genova Townhomes and Villas - Strada Nuova Cir,,,Active
25,Estero Country Club Pickleball Limited - Vintage Trace Circle,,,Active
26,8111 Broadway East Development Order Amendment #1 - Broadway Avenue East,,,Active
27,Bonita Smoke Shop & Cigar Lounge - COP Administrative Amendment - Via Villagio,,,Active
28,2025-17 Land Development Code Amendment regarding landscaping requirements and expiration of Development Orders,,,Active
29,Estero Fire Expansion - Three Oaks Parkway,,,Active
30,Coconut Point - Waypoint Residences - The Brooks,,,Active
31,Planning and Zoning Board - Corkscrew Palms Circle,,,Active
32,Sandy Lane and Via Coconut Point Bridge Rehabilitation - RFB - Sandy Lane & Via Coconut Point,,,Active
33,Case No. 6 Estero WAS - S Tamiami Trl,,,Active
34,"Suspend Bidding Procedure and Adopt as an Emergency Action, Securing a Consulting Traffic Engineer for Studies on Coconut Road - along Coconut Road",,,Active
35,regarding the enhanced Type D buffer in the two areas along Corkscrew Road shown on the exhibit,,,Active
36,for Estero Crossing relating to the traffic signal at Corkscrew Road and Puente Lane - Corkscrew Rd & Puente Ln,,,Active
37,"Estero Sports Park Master Plan and authorization to submit the infrastructure plan for permits to the SFWMD - Estero Sports Park, north of Williams Ro",,,Active
38,Estero on the River Construction Engineering inspection,,,Active
39,Sandy Lane Construction Engineering Inspection Services Contract,,,Active
40,Update on Development Projects in Estero - Copperleaf at The Brooks,,,Active
41,Firestone Rezoning,,,Active
42,Second to consider Ordinance - Coconut Road,,,Active
43,Letter to Florida Department of Transportation - US 41 / Tamiami Trail,,,Active
44,"Upon applicant revisions of the Pattern Book, schedule Council review at a future meeting for compliance with Zoning Conditions",,,Active
45,"Policy direction on ""Bonus Density,"" density above the standard residential range of 1-6 units per acre. Community Development Director Gibbs spoke to the zoning conditions and noted that staff did not believe that the current Pattern Book satisfied the c",,,Active
46,International Design Center Zoning,,,Active
47,Lee County Metropolitan Planning Organization - Seminole Gulf Railway corridor,,,Active
48,Florida Department of Transportation,,,Active
49,Sandy Lane & Broadway East Bicycle/Pedestrian Improvements Design and Permitting Services - Sandy Lane and Broadway East bicycle/ped,,,Active
50,CN-2022-03 - Broadway Avenue West,,,Active
51,CN-2022-04 - Broadway Avenue East,,,Active
52,"RFP-100625 - Estero Sports Park, north of Williams Ro",,,Active
53,Property Acquisition Update,,,Active
54,"proposed schedule for Planning Zoning and Design Board appointments, including advertising, interviews, and selection",,,Active
55,US 41 Median Landscaping,,,Active
56,Monument signs,,,Active
57,Selection of Comprehensive Plan Consultant,,,Active
58,Selection of Village Traffic Study Engineer,,,Active
59,RFP-2016-02 - Corkscrew Palms Circle,,,Active
60,Appoint Robert King as Village CAC Representative to MPO,,,Active
61,"Letter from Kevin Ruane, Mayor, City of Sanibel and Request for Support Regarding Water Storage Options Mayor Batos provided an explanation regarding the letter from Mayor Kevin Ruane requesting support of a letter regarding water storage options. He note",,,Active
62,Coconut Road I Raptor Bay - Casta Del Sol at Pelican Landing Condomi,,,Active
63,Walmart Repaint Color Palette Selection - S Tamiami Trl,,,Active
64,"Coconut Point Developers, LLC, Sign Refresh - Fashion Dr",,,Active
65,Untitled Project - S Tamiami Trl,,,Active
66,Walmart Expansion - S Tamiami Trl,,,Active
67,Home2 Suites,,,Active
68,Estero Entertainment District - Williams Road,,,Active
69,Shadow Wood C.C. Lifestyle Center,,,Active
70,"Downtown Estero Multi-Family Townhomes - Development Order - Downtown Estero project site, east of US",,,Active
71,"Woodfield Mixed-Use Development Order - Woodfield Estero project site, northwest",,,Active
72,8111 Broadway East - Broadway Avenue East,,,Active
73,Amendment to the Village of Estero Legislative Agenda,,,Active
74,Ordinance 2017-02 - Coconut Point,,,Active
75,DR-4673 Hurricane Ian Funding Agreement,,,Active
76,Estero on the River Non-Native Plant Treatments,,,Active
77,Williams Road and Atlantic Gulf - Williams Road & Atlantic Gulf Boulevard,,,Active
78,Estero Eyebuild at Corkscrew Palms - Corkscrew Palms Cir,,,Active
79,Village Initiated Rezoning - Williams Road,,,Active
80,2023-02 - Standards for Elevated Single-Family Homes Amendment to the Land Development Code,,,Active
81,Estero River Park - Northeast corner of US 41 and Corkscrew ,,,Active
82,Woodfield Estero,,,Active
83,Goodwill Industries - Corkscrew Rd & Three Oaks Pkwy,,,Active
84,Corkscrew Road-River Creek Sidewalk Agreement - Corkscrew Road Widening Corridor,,,Active
85,Bonita-Estero Rail-Trail - Seminole Gulf Railway corridor,,,Active
86,Competitive Negotiation CN,,,Active
87,Council Compensation Discussion Councilmember Wilson introduced the topic and referred to an email from Village Attorney Saunders dated February 5,,,Active
88,passed overwhelmingly on November 4 - Riverside Park,,,Active
89,Williams Road Bicycle & Pedestrian Improvements - Concept Design Contract,,,Active
90,Ben Hill Griffin Landscape Design - Ben Hill Griffin Parkway,,,Active
91,Williams/Via Coconut RAB Landscape Design - Via Coconut Point,,,Active
92,Stormwater Master Plan CN,,,Active
93,US 41 Southern Monument Sign Contract - Stoneybrook,,,Active
94,amending Land Development Code to establish standards for elevated single-family homes,,,Active
95,Eagle's Nest on Corkscrew and US 41 - US 41 / Tamiami Trail,,,Active
96,Consideration of the Recreational Proposals for the William Road Property - Bella Terra,,,Active
97,"Introduction to Budget and CIP Process Village Manager Sarkozy introduced the topic and stated that this was an important kickoff to the Budget and CIP Process; he urged caution in the first year, suggested that Council take a conservative approach, and s",,,Active
98,"Review of Estero Infrastructure Inventory Prepared by FGCU Village Manager Sarkozy referred to the map entitled ""Pavement by Crack Type"" and noted that there were relatively few roads with severe cracking. He noted that Lee County's ranking coincided",,,Active
99,Village Center Planning Process,,,Active
100,Estero on the River • Zoning & Planning Options • Fence & Path,,,Active
101,Greater Estero Virtual Information Center - Heatherstone at Rookery Pointe,,,Active
102,Estero River North Branch Drainage Improvements Contract,,,Active
103,Pavich - Happy Hollow Ln,,,Active
104,Jeff Sommer Stadium Turf Installation Contract,,,Active
105,Project Manager Services Contract,,,Active
106,"Colonnade, Continuing Care Retirement Community - The Colonnade / Estero Townhomes site, 9",,,Active
107,Spring Run Clubhouse Expansion - Spring Run Boulevard,,,Active
108,Downtown Estero - Proposed - US 41 / Tamiami Trail,,,Active
109,Benjamin S. MacFarland/SROA Corkscrew Village - Commons Way,,,Active
110,South Regional Library - Redesign of exterior entry and interior remodel - Three Oaks Parkway,,,Active
111,Marketplace - Via Villagio,,,Active
112,"Estero Community Park Maintenance Building Relocation - Limited - Estero Community Park, 9101 Corkscrew Pa",,,Active
113,Discount Tire - Corkscrew Commons Dr,,,Active
114,Cell Phone Tower - Bella Terra - Bella Terra Blvd,,,Active
115,Goddard School for Early Childhood Development - Arcos Ave,,,Active
116,Palms Day School - Corkscrew Rd,,,Active
117,"Interviews Of Planning, Zoning, And Design Board Applicants 1. Gary Welch 2. Norman Reno 3. Phil Costello 4. Dan Williams 5. Al Paivandy 6. Jeff Riopelle 7. Mel Bahr",,,Active
118,Corkscrew Pines Self-Storage - Corkscrew Pines project site,,,Active
119,Estero Town Commons Restaurant - Town Commons Dr,,,Active
120,Downtown Estero Residential - Cypress Bend,,,Active
121,Appointment of Liaison to SUN Trail Project,,,Active
122,"Estero River Maintenance - Roland Ottolini, Director, Lee County Natural Resources Division Roland Ottolini offered a PowerPoint Presentation and spoke to Lee County objectives for creek maintenance; - Estero River near Old Estero and Koresha",,,Active
123,"Estero Parkway-Danny Nelson, Tetra Tech",,,Active
124,Developments in the DR/GR Area,,,Active
125,Untitled Project - Casta Del Sol at Pelican Landing Condomi,,,Active
126,"Phil Flood, Intergovernmental and Community Outreach Representative-Principal, South Florida Water Management District Due to difficulties with the meeting room equipment, the presentation will be rescheduled",,,Active
127,Village-initiated rezoning and Comprehensive Plan Amendment - Estero River near Old Estero and Koresha,,,Active
128,"Purchase of the 10-acre vacant parcel, commonly known as ""River Oaks"" at the east end of Broadway Avenue - River Oaks Preserve",,,Active
129,Untitled Project,,,Active
130,Untitled Project,,,Active
131,CDBG-DR Infrastructure Grant Applications - Estero Parkway,,,Active
132,EC-2024-27,,,Active
133,EC-2024-28,,,Active
134,2024 State of Florida - Legislative Update,,,Active
135,RFP-2016-0,,,Active
136,Letter to Lee County Requesting Support for Capital Projects within Estero - Bella Terra,,,Active
137,Village Center Comprehensive Plan Amendments and Framework,,,Active
138,Request for Qualifications and Request for Proposals,,,Active
139,Untitled Project,,,Active
140,Amending Resolution,,,Active
141,"REGARDING LAND USE B OARDS ORDINANCES AND PROCESSES: Mr. Levitan narrated a PowerPoint presentation entitled ""Planning for Estero Land Use Transition"" - Village on Crescent Lake at Breckenridge",,,Active
142,Village Center Comprehensive Plan Amendments-CPA,,,Active
143,Planning and Zoning Board and Design Review Board Interviews The following applicants were interviewed: Joe McHarris John Goodrich Marlene Naratil Frank Kupiec Anu Lacis Greg Toth Albert O'Donnell Pamela Radcliff William Glass Tim Byal Questions or Commen,,,Active
144,Entertainment District Design & Permitting - EC,,,Active
145,BERT Memorandum of Agreement - Seminole Gulf Railway corridor,,,Active
146,EC-2024-29,,,Active
147,Estero Parkway Plant Replacements - EC,,,Active
148,Bella Terra Cell Tower - Bella Terra Boulevard,,,Active
149,Jeff Sommer Stadium Turf Project Update,,,Active
150,Ben Hill Griffin Parkway Project Update,,,Active
151,Fee Reduction as an Incentive in Village Center - Strada Nuova Circle,,,Active
152,"Estero River Boating Committee- Peggy Phillips, Master Naturalist Peggy Phillips introduced the committee members and provided a PowerPoint Presentation that included an Estero Bay map; list of user groups; survey on number of motorized and non-motorized - Estero River near Old Estero and Koresha",,,Active
153,Resolution 2023-07 - Sandy Lane,,,Active
154,Resolution 2023-08 - Cypress Cove at Wildcat Run Condominium,,,Active
155,Florida Department of Transportation I-75 Updates,,,Active
156,Senate Appropriations/Legislative Updates - UEP Status,,,Active
157,"Vieste, LLC Update",,,Active
158,on issue pertaining to water and land purchases in Florida,,,Active
159,"signatures and hand-deliver it on Wednesday to the Senate President, Speaker of the House, and Governor's Office. The",,,Active
160,"Capital Improvement Program Discussion Village Manager Sarkozy made a brief introduction and invited Council to provide specific projects that staff could help refine and the process going forward. Finance Director Pace supplied a handout entitled ""Villag",,,Active
161,Resolution 2022-05 - River Oaks Preserve,,,Active
162,Resolution 2022-06 - Williams Road,,,Active
163,Short List of Firms for Village Attorney Services RFP,,,Active
164,Estero on the River Cultural Resource Assessment,,,Active
165,US 41 Landscape Improvements RFB - Broadway Avenue East,,,Active
166,Williams Road & Atlantic Gulf Drive Intersection Improvement Design Contract - KCA - Williams Road & Atlantic Gulf Boulevard,,,Active
167,Williams Road Bicycle/Pedestrian Improvements Design and Permitting Contract,,,Active
168,Village of Estero Water Monitoring Contract,,,Active
169,Resolution 2021-08 - The Brooks,,,Active
170,Resolution 2021-09 - Estero River near Old Estero and Koresha,,,Active
171,Cypress Bend RV Resort Wastewater Treatment Plant,,,Active
172,Via Coconut - Corkscrew Rd,,,Active
173,Estero Storage at Arcos Avenue,,,Active
174,Grandezza Pickleball - Limited - Avalon at Grandezza Condominium,,,Active
175,Estero Family Health Center - Addition - S Tamiami Trl,,,Active
176,Coconut Trace Planned Development Amendment - Lyden Dr,,,Active
177,Wildcat Run Pickleball- Limited - Country Club Dr,,,Active
178,Brooks Commons Club - Pickleball Expansion - Commons Club at The Brooks,,,Active
179,Shadow Wood Community Association - Coconut Road Guardhouse Remodel - Coconut Road & Oakwilde Boulevard,,,Active
180,9000 Williams Road,,,Active
181,"Downtown Estero Infrastructure - Downtown Estero project site, east of US",,,Active
182,Village Initiated - Williams Road,,,Active
183,Zoning Amendment - Miromar Outlets Signage,,,Active
184,Zoning Amendment - Genova - Strada Nuova Cir,,,Active
185,Development Order - Estero Crossing Commercial Building #1 - Corkscrew Road,,,Active
186,Rezoning - Milan Villas - Williams Rd & Three Oaks Pkwy,,,Active
187,Untitled Project - Corkscrew Road,,,Active
188,Vulnerability Assessment Contract,,,Active
189,Estero SportsPark Construction Manager at Risk Contract,,,Active
190,Progress Report on Local Mitigation Strategy,,,Active
191,Untitled Project,,,Active
192,"Process for Selecting Candidates for the Planning and Zoning Board and the Design Review Board Mayor Batos thanked all candidates for their willingness to serve, and offered suggestions for sharing information to be used in the selection proc",,,Active
193,Estero Council of Community Leaders,,,Active
194,Seminole Gulf Railway License Agreement,,,Active
195,Acquisition for BERT - Seminole Gulf Railway corridor,,,Active
196,Planning and Zoning Board Applicant Interviews and Appointment of Board Member The following individuals were interviewed: Amy Wicks James Gilmartin Robert King Mark Novitski Greg Toth Emery Viazanko Dell Jones Questions of applicants included: previous a,,,Active
197,Estero River Boating Committee Reimbursement Request - Estero River near Old Estero and Koresha,,,Active
198,Office Space Acquisition,,,Active
199,"South Lee County Watershed Initiative Update - Josh Evans, J.R. Evans Engineering",,,Active
200,Williams Rd Widening Preliminary Design and Engineering CN - Williams Road,,,Active
201,Revisions to Contract for Disaster Management Services - RFP,,,Active
202,"Coconut Road Traffic Study Prepared by Trebilcock Consulting Solutions, PA",,,Active
203,Traffic Survey Analysis Report Discussion,,,Active
204,Schedule Public Workshop for Capital Improvement Program Village Manager Sarkozy and Finance Director Pace addressed Council regarding scheduling the workshop to gather input on the Capital Improvement Program,,,Active
205,"Revision to Meetings Schedule Discussion In response to concerns raised regarding providing timely meeting information to the Council, an expanded agenda to include all categories was considered, focusing all Council work on the first and third Wednesday",,,Active
206,"2022-04 Appointment of Interim Village Attorney, Robert D. Pritt, J.D., B.C. S",,,Active
207,Resolution 2022-08 - River Oaks Preserve,,,Active
208,Estero on the River Structure Demolition Contract Amendment,,,Active
209,Ben Hill Griffin Parkway Improvements Design and Permitting Contracts,,,Active
210,Additional US 41 Landscape Maintenance. REMOVED FROM AGENDA - US 41 / Tamiami Trail,,,Active
211,2021-05 Year-round landscape irrigation conservation measures,,,Active
212,Septic to Sewer Workshop,,,Active
213,Untitled Project,,,Active
214,Untitled Project,,,Active
215,Untitled Project,,,Active
216,Williams Road and Atlantic Gulf Blvd Intersection Improvements Construction Manager at Risk Contract - Williams Road & Atlantic Gulf Boulevard,,,Active
217,Sandy Lane Bike/Ped Improvements Project Update,,,Active
218,Resolution 2024-06 - Seminole Gulf Railway corridor,,,Active
219,Joint Unified Local Mitigation Strategy,,,Active
220,National Flood Insurance Program,,,Active
221,Bonus Density Program for Land Acquisition,,,Active
222,See See Street Utility Expansion Design and Permitting - EC,,,Active
223,RFQ-2023-01,,,Active
224,Code Compliance Mitigation and Payment Update,,,Active
225,Ordinance 2016-05,,,Active
226,Overview and Status of Village Center Land Development Code Village Manage Sarkozy provided a brief update. Community Development Director Gibbs addressed the Comprehensive Plan transmittal process; she believed that the Village may have a response from t - Strada Nuova Circle,,,Active
227,Estero - 14 Months After Incorporation - Cypress Bend,,,Active
228,Via Coconut Point and Williams Road Sidewalks - Williams Road & Via Coconut Point,,,Active
229,Ordinance 2022-02 - Miromar Outlets,,,Active
230,Septic to Sewer Program Management Contract - REMOVED FROM AGENDA,,,Active
231,Corkscrew Road Improvements Project Update - Corkscrew Road Widening Corridor,,,Active
232,Eco-Historic Planning Study Contract,,,Active
233,"Landscaping, Mowing, & Irrigation Services Purchase Order",,,Active
234,Estero River North Branch Regional Pond Project,,,Active
235,Entertainment Campus Update and Guaranteed Maximum Price,,,Active
236,Impact Fee Forecast - Pelican Sound,,,Active
237,Cypress Bend & Sunny Grove Utility Extension Project Updates,,,Active
238,Establishing a Policy Regarding Council Approved Proclamations,,,Active
239,Selection Process for Permanent Village Manager,,,Active
240,Selection Process for Permanent Village Attorney Interim Village Attorney Burt Saunders briefly described the usual selection process. After,,,Active
241,Village Municipal Center Mayor Batos clarified that this item involved discussion of a process to determine specific needs for a future facility with more office and parking space for the Council - Bella Terra,,,Active
242,Sign Code Violations Mayor Batos mentioned past problems with violations of Estero-specific Sign Codes; and asked that any member of the public who notices a possible violation report it to Interim Village Manager Peter Lombardi - Stoneybrook,,,Active
243,"Welcome to Estero Signs Mayor Batos mentioned past discussions about placing ""gateway"" signs at the northern and southern sections of US 41, on Three Oaks and Corkscrew, and in a few other areas, and asked whether a committee should be formed - US 41 / Tamiami Trail",,,Active
244,Corkscrew Pines Self-Storage - Corkscrew Pines project site,,,Active
245,RiverCreek Recreation Site - Corkscrew Road,,,Active
246,Genova Gate Access Modification - Strada Nuova Cir,,,Active
247,Monument Sign - Coconut Office Center - Walden Center Dr,,,Active
248,Development Order - Ginsberg Eye Ophthalmology - Corkscrew Palms Cir,,,Active
249,Development Order - Island High Rise - Williams Road,,,Active
250,"Zoning Amendment - Coconut Trace, Parcels C and D - Lyden Drive",,,Active
251,Comprehensive Plan Amendment and Rezoning - Estero on the River and Happehatchee Properties,,,Active
252,Comprehensive Plan Amendment - Private Property Rights Element,,,Active
253,Eugenia Chojnowski Mobile Home - Corkscrew Woodlands,,,Active
254,Clean Machine Car Wash - Village on Crescent Lake at Breckenridge,,,Active
255,Pelican Sound - Residential - Koreshan State Park,,,Active
256,Mayfield Village - Residential - Broadway Avenue East,,,Active
257,University Highlands II - Ben Hill Griffin Parkway & Everblades Pa,,,Active
258,Celebree School - Corkscrew Commons Drive,,,Active
259,Resolution Adopting the,,,Active
260,Village Clerk Interim Village Manager Peter Lombardi requested approval of a resolution consenting to the appointment of Kathy M. Hall MMC as Village Clerk; and noted that Ms. Hall would begin employment on June 1. Mr,,,Active
261,Resolution 2024-05 - Corkscrew Pines project site,,,Active
262,High-5 Public Improvement Agreement,,,Active
263,Wright Construction GMP#1 - Notice to Proceed,,,Active
264,Ben Hill Griffin Monument Sign - Ben Hill Griffin Parkway,,,Active
265,Ordinance 2017-06,,,Active
266,Untitled Project,,,Active
267,Budget Introduction Village Manager Sarkozy spoke to the importance of accurate revenue and expenditure estimates; financial controls put into place to provide proper span of control; and the thorough audit that resulted in exceptional ratings with no fin,,,Active
268,"Estero Parkway - Initial Concept Road Cross Sections Village Manager Sarkozy briefly described the two proposed phases. Presentation by: Danny Nelson, Vice President, TetraTech Mr. Nelson offered a PowerPoint Presentation that included: background informa",,,Active
269,Corkscrew Road Wetland Mitigation Credits - Corkscrew Road Widening Corridor,,,Active
270,Capital Improvement Plan - River Oaks Preserve,,,Active
271,"Request for Letter of Support for Proposed CREW Headwaters Florida Forever Project Application Councilmember Errington made a brief introduction. Brad Cornell, Southwest Florida Policy Associate, Audubon of the Western Everglades/ Audubon of Florida, pres",,,Active
272,Resolution 2022-13 - Corkscrew Road at Stoneybrook Golf Drive,,,Active
273,Corkscrew Road Stoneybrook Path Construction Engineering and Inspection - Corkscrew Road at Stoneybrook Golf Drive,,,Active
274,"Broadway Ave. West Utility Extension Project Design and Permitting Contract - Johnson Engineering, Inc - Broadway Avenue West",,,Active
275,Broadway Ave. East Utility Extension Project Design and Permitting Contract - Tetra Tech,,,Active
276,Budget and Capital Improvement Program - Pelican Sound,,,Active
277,Review of Ordinance,,,Active
278,Intent to Participate in the National Flood Insurance Program ITEMS,,,Active
279,Resolution 2025-07 - Shadow Wood Country Club Lifestyle Cente,,,Active
280,Resolution 2025-08 - Corkscrew Road Widening Corridor,,,Active
281,Resolution 2025-09 - Broadway Avenue West,,,Active
282,"Home2 Suites at Coconut Point - Home2 Suites proposed hotel site, Coconu",,,Active
283,Rezoning for Estero Crossing,,,Active
284,Comprehensive Plan Amendment Transmittal,,,Active
285,Comprehensive Plan Amendment-School Site,,,Active
286,Estero Parkway Village Manager Sarkozy introduced the topic and spoke regarding the,,,Active
287,Introduction to Capital Improvement Plan,,,Active
288,Community Development Block Grant - Urban County Cooperation Agreement,,,Active
289,Miscellaneous Professional Services CN,,,Active
290,Council Rules of Procedure,,,Active
291,Via Coconut Point Landscape Concept,,,Active
292,Via Coconut Point Landscape Design Contract,,,Active
293,Letter to Lee County Visitor & Convention Bureau,,,Active
294,"Regarding Development on Corkscrew Road Vice Mayor Levitan provided background information regarding the resolution, pointed out various items that had been received from interested parties, and commented on the need to consider th - along Corkscrew Road",,,Active
295,"Transportation Issue Mayor Batos mentioned that various individuals and groups had been meeting with the County to discuss transportation issues, and that the County had expressed a preference for more formal discussions. Village Attorney Bur",,,Active
296,Floodplain Management contract with J. R. Evans. Vice,,,Active
297,Land Development Code Flood Amendments,,,Active
298,Mayfair Village RPD - Mayfair Village site between Broadway Av,,,Active
299,Utility Extension Program - Estero Bay Village,,,Active
300,Estero on the River & 2 Construction Manager at Risk - RFP,,,Active
301,"Corkscrew Road Path, Lighting, and Landscaping Construction Management at Risk - RFP - Corkscrew Road Widening Corridor",,,Active
302,8111 Broadway East Old Post Office - Broadway Avenue East,,,Active
303,Resolution 2017-14 - Corkscrew Road Widening Corridor,,,Active
304,Agreement with J.R. Evans Engineering for continuing consulting services related to the Village's participation in the National Flood Insurance Program,,,Active
305,"Patty Narozny, Director, Hot Works Fine Arts & Craft Shows - Request for Temporary Signage for Special Events Village Manager Sarkozy introduced the topic regarding a request for special event temporary signage. Community Development Director Gibbs explai - Miromar Outlets",,,Active
306,Vieste Professional Services Agreement,,,Active
307,Grant Management Services - RFQ,,,Active
308,RVi Supplemental Staffing Contract and Supplemental Task Authorization No. 01 - Landscape Maintenance Inspections,,,Active
309,Village Initiated - Williams Road,,,Active
310,State Legislative Session and Appropriations Update,,,Active
311,Extra Space Storage at Coconut Point - Murano Del Lago Dr,,,Active
312,Estero Crossing - Corkscrew Woodlands,,,Active
313,Lee Health Medical Building - Shoppes at University Highlands - Highlands Oaks Drive,,,Active
314,Piccolo Buco - Piccolo Buco - Marketplace at Coconut Point - COP-Administrative Amendment - Via Villagio,,,Active
315,Flood Ordinance,,,Active
316,Chick-Fil-A - Grande Oak Shoppes Blvd,,,Active
317,Plaza Del Sol CPD - Arcos Avenue,,,Active
318,"2024-09, Amendment to the Comprehensive Plan to adopt the South Florida Management District Water Supply Facilities Work Plan",,,Active
319,Estero Bay Chevrolet Auto Dealership Lighting Upgrade - Deviation - Corkscrew Woodlands,,,Active
320,Monument Sign - River of Life Assembly of God - River Ranch Rd,,,Active
321,Development Order - Estero Crossing Residential - Corsa - Corkscrew Road,,,Active
322,Comprehensive Plan Amendment and Rezoning - Estero on the River and Happehatchee Properties - Corkscrew Road,,,Active
323,Special Exception & Limited Development Order - Riverwoods Plantation Pickleball Courts - Applicant is seeking a Special Exception in the RM-2 Zoning District to add pickleball as a permitted amenity. - Limited Development Order for the construction of 4 - Riverwoods Plantation Condominium,,,Active
324,Zoning Amendment - Pelican Sound River Club,,,Active
325,Development Order - Arcos Executive Center - Arcos Ave,,,Active
326,Community Development Software,,,Active
327,Package Wastewater Treatment Plant Utility Extension Project Update,,,Active
328,Utilities Expansion Program Management Contract,,,Active
329,Estero on the River declare 11 vacant structures as surplus property and approve Demolition RFB,,,Active
330,Resolution 2020-08 - along Williams Road,,,Active
331,Happehatchee Operating Agreement,,,Active
332,Ordinance 2020-03 - Broadway Avenue East,,,Active
333,Ordinance 2020-04,,,Active
334,Septic to Sewer Report - Heatherstone at Rookery Pointe,,,Active
335,Bike & Pedestrian Master Plan,,,Active
336,Resolution 2026-05 - Sandy Lane,,,Active
337,Village Security System Request for Proposal,,,Active
338,Resolution 2026-09 - Broadway Avenue West,,,Active
339,"2026-11 Authorizing Special Obligation Revenue Note, Series",,,Active
340,First Amendment to Service Agreement - Kemper Sports Management LLC,,,Active
341,Sport Park Contract No,,,Active
342,Disaster Debris Monitoring Services RFP,,,Active
343,River Oaks Preserve Construction Manager at Risk Contract,,,Active
344,Service Agreement- Kemper Sports Mgt LLC,,,Active
345,Estero on the River & 2 Construction Manager at Risk Contract,,,Active
346,Comprehensive Plan Amendment Water Supply Facilities Work Plan,,,Active
347,Capital Improvement Program - Broadway Avenue East,,,Active
348,Estero Parkway Roadway/Landscape Design & Estero Roadways Landscape Master Plan CN,,,Active
349,Village of Estero Land Development Code Update RFQ - Corkscrew Palms Circle,,,Active
350,Request for Bid RFQ,,,Active
351,Request for Quotation RFQ,,,Active
352,Request for Quotation RFQ,,,Active
353,Cypress Park Circle Utility Extension Project,,,Active
354,8801 Corkscrew Road Structure Demolition - RFB,,,Active
355,8801 Corkscrew Road Debris Removal - EC,,,Active
356,Munis a Tyler Technologies Enterprise Resource Planning,,,Active
357,"Coconut Road EPD - Woodfield Estero project site, northwest",,,Active
358,Florida Local Government Cybersecurity Grant Agreement,,,Active
359,"Marisa Carrozzo, Natural Resource Specialist II, Conservancy of Southwest Florida - Request for Support: Yes On Conservation 20/20",,,Active
360,"by Phil Flood - South Florida Water Management District Councilmember Ribble introduced Mr. Phil Flood, South Florida Water Management District",,,Active
361,Southwest Florida Regional Planning Council Membership Village Attorney Burt Saunders stated that the issue was whether or not the Village should appoint a member to the Southwest Florida Regional Planning Council,,,Active
362,"Additional Senior Homestead Exemption Village Attorney Burt Saunders stated that, in order for the Village to get the exemption, a resolution would have needed to be adopted prior to December 31",,,Active
363,2015-39 Appointing Members to the Village of Estero Design Review Board; Establishing Terms of the Members; and Providing an Effective Date - Village on Crescent Lake at Breckenridge,,,Active
364,2015-42 Appointing a Member to the Southwest Florida Regional Planning Council; and Providing an Effective Date,,,Active
365,Horizon Council Foundation - Avalon at Grandezza Condominium,,,Active
366,Banking Services Request for Proposal,,,Active
367,Utility Expansion Program Construction Manager at Risk Contract Guaranteed Maximum Price - Sunny Grove,,,Active
368,Hurricane Ian Hazard Mitigation Grant Program,,,Active
369,Chris-Tel Contract Amendment - Maintenance Building,,,Active
370,Pelican Sound,,,Active
371,Disaster Debris Monitoring Services ITB,,,Active
372,Disaster Debris Recovery Services ITB,,,Active
373,CDBG-DR Recovery and Resiliency continued Grant Management support task order,,,Active
374,"Corkscrew Road Path, Landscaping, and Lighting Project Update - Corkscrew Road Widening Corridor",,,Active
375,Sports Park Campus Hardcourt Installation Contract,,,Active
376,Plaza Del Sol,,,Active
377,Estero Entertainment District P3 Partners Term Sheets,,,Active
378,Sandy Lane Path Prefabricated Bridge - Request for Bid,,,Active
379,Roadway/Sidewalk Assessment - Contract EC,,,Active
380,Case No. DCI - Strada Nuova Circle,,,Active
381,Resolution 2016-17 - Estero River near Old Estero and Koresha,,,Active
382,"Annual Update from Bonita Springs Utilities, Inc. • Jim Strecansky, President and John Jenkins, Executive Director Jim Strecansky presented information regarding the background of Bonita Springs Utilities, Inc., the service area, and awards received for s",,,Active
383,"Review of Emergency Operations Response Plan • Scott V anderbrook, Fire Chief Fire Chief Vanderbrook spoke to the mission statement; local government responsibilities; comprehensive emergency management plan; geographical divisions; South Lee County shelt",,,Active
384,Proposed,,,Active
385,Proposed Capital Improvement Program,,,Active
386,Comprehensive Plan Amendment - Village Owned Property at Northeast Corner of US 41 and Corkscrew Road,,,Active
387,Rezoning 31.5 acres of Village-owned property at the northeast corner of Corkscrew Road and US 41 - Corkscrew Road Widening Corridor,,,Active
388,Date and Time for school Site Comprehensive Plan Amendment,,,Active
389,2021-09 Teco People's Gas Franchise Agreement Ordinance,,,Active
390,2020-10 Adopting the Village of Estero Bicycle and Pedestrian Master Plan; and Providing an Effective Date,,,Active
391,Williams Road,,,Active
392,Proposed Capital Improvement Program Review proposed Capital Improvement Program and move to second on July 22 - Estero River near Old Estero and Koresha,,,Active
393,Coconut Road Study - Bonita Springs Raptor Bay - Casta Del Sol at Pelican Landing Condomi,,,Active
394,Water and Sewer Expansion - Estero Parkway,,,Active
395,Eagle Walk - Estero Parkway & Three Oaks Parkway,,,Active
396,DOS2025-E001 - Stoneybrook,,,Active
397,Cooper Property - Broadway W,,,Active
398,Via Coconut - Corkscrew Rd,,,Active
399,Estero Townhomes EPD,,,Active
400,Estero Parkway Sidewalks,,,Active
401,Residences at Brooks Town Center - Coconut Pointe Residences at Brooks Town,,,Active
402,Estero Bay Chevrolet Auto Dealership Lighting Upgrade - Deviation - Chevrolet Way,,,Active
403,Residences at Brooks Town Center - The Brooks Town Center,,,Active
404,COP Extension of Outdoor Area - South Fork Grille/El Nido Modern Mexican Restaurant - Village Shops Way,,,Active
405,Zoning Amendment and Deviations - Estero Town Center - Wawa - Estero Town Commons Place,,,Active
406,AT&T Cell Tower - Coconut Rd,,,Active
407,Culver's Coconut Point - Murano Del Lago Drive,,,Active
408,Resolution 2016-18 - Tidewater by Del Webb,,,Active
409,Proposed Capital Improvement Program and Adoption,,,Active
410,Case No. DCI - Via Coconut Ordinance No,,,Active
411,Fifth Third Bank at Miromar Outlets - Corkscrew Rd,,,Active
412,West Bay Club,,,Active
413,Miromar Mall Sign Package - Miromar Outlets,,,Active
414,MPO Committee Assignments,,,Active
415,SOUTH ESTERO COMMERCIAL CENTER,,,Active
416,May 24,,,Active
417,"Traffic Study-Kimley Hom Village Manager Sarkozy introduced the workshop and reviewed previous documents that related to Village traffic. Christopher Hatton and Kelly Fearon, Kimley Hom representatives, offered a PowerPoint Presentation: overview; traffic",,,Active
418,Community Development Software Contract RFI,,,Active
419,"Contract to Woodard & Curran in the amount not to exceed $100,000 and au",,,Active
420,Village Office Space - Corkscrew Palms Circle,,,Active
421,"2016 Budget Workshop #2 Village Manger Peter Lombardi highlighted the revisions made since the last workshop, indicated in summary on page 1 of the budget document. He noted that revenues increased from $10,693,120 to $10,960,020, expenditures increased f",,,Active
422,Transportation Impact Fee Credit Agreement Recommended,,,Active
423,"Solid Waste Agreement for Municipal Solid Waste Disposal, Solid Waste System Assessment and Supplemental Services The Lee County Commission will be taking action to approve the agreement at their meeting on August 24",,,Active
424,Cheesecake Factory - Outdoor Consumption on Premises - Fashion Dr,,,Active
425,Genova Gate Access Modification - Strada Nuova Cir,,,Active
426,Villages of Country Creek Limited Development Order - Villages of Country Creek Pickleball Court - Country Creek Dr,,,Active
427,Wawa Convenience Food & Beverage Store - Estero Town Commons Pl,,,Active
428,Camargo North - Pelican Sound Dr,,,Active
429,Coconut Point Ford Expansion - S. Tamiami Trail,,,Active
430,"agreement with KTB Florida Sports Arena, LLC regarding its transfer of portion of stormwater retention lake serving the Hertz Arena property, and the sharing of related maintenance costs - Everblades Parkway",,,Active
431,Sunny Groves Utility Extension Project Sovereignty Submerged Lands Easement,,,Active
432,Clarification of the Parks and Recreation Liaison Role was added to the agenda,,,Active
433,Council Motion to Approve the Contract for Construction Services to Replace a Failing Culvert on Broadway A venue - Broadway Avenue West,,,Active
434,Special Exception Riverwoods Plantation Pickleball - Plantation Blvd,,,Active
435,Review the Qualifications and Rank the Respondents to RFQ #2015-01 for General Planning Services for the Village's Community Development Department,,,Active
436,; he spoke with Peter Winton regarding the solid waste franchise agreement and the issue was to make certain that whatever formula was used for the Village was the same formula used elsewhere; and he was working on the master transportation agree,,,Active
437,Via Coconut - Corkscrew Rd,,,Active
438,DCI2020-E002 - Stoneybrook,,,Active
439,8001 Via Rapallo Drive,,,Active
440,Shadow Wood C.C. Lifestyle Center,,,Active
441,Curadel Pharma - Corkscrew Rd,,,Active
442,Minutes of July 13,,,Active
443,Lee County Sheriffs Office Request for Letter of Support for Edward Byrne Memorial Justice Assistance Grant,,,Active
444,Vacation of Existing Right-of-Way and Easement - Strada Nuova Circle,,,Active
445,Ordinance 2016-10 - US 41 / Tamiami Trail,,,Active
446,"Update on County Negotiations Councilmember Ribble provided an update regarding negotiations with Lee County, and indicated that there were not many details at this point; they were still working on details regarding the roads",,,Active
447,RiverCreek - Wildblue,,,Active
448,"Coconut Point Marketplace Signs - Administrative - Marketplace at Coconut Point, 22780 Via ",,,Active
449,Wildcat Run Clubhouse - Country Club Dr,,,Active
450,9000 Williams Road - Village Property,,,Active
451,Tides at Pelican Landing Subdivision,,,Active
452,University Landscaping Operation and Maintenance Special Improvement Unit - Estero Pkwy Ext & Ben Hill Griffin Pkwy,,,Active
453,"Concurred with the recommendation of the staff committee to select all 14 consulting firms that submitted proposals, for a contract period of two years commencing on August 31",,,Active
454,Interlocal Agreements with Lee County,,,Active
455,Disposal Facilities Assessment,,,Active
456,Distribution of Local Option Gas Taxes,,,Active
457,Assumption of Road Maintenance Responsibilities - Corkscrew Road Widening Corridor,,,Active
458,County Contribution for Estero Parkway Sidewalk and Repaving - Cascades at Estero,,,Active
459,"College of Life Property Village Attorney Saunders and Neale Montgomery, Pavese Law Firm, provided an explanation regarding an environmental easement held by the Nature Conservancy on the College of Life property; the conservancy as interested in working",,,Active
460,Disaster Recovery Services RFB,,,Active
461,Disaster Debris Monitoring RFB,,,Active
462,"Page 5, Section X. Notices, correct the Village of Estero mailing address",,,Active
463,Municipal Services Fiscal Impact: Amounts budgeted in,,,Active
464,Resolution 2023-21 - along Corkscrew Road,,,Active
465,Resolution 2023-22 - along Corkscrew Road,,,Active
466,Resolution 2023-19 - US 41 / Tamiami Trail,,,Active
467,Financial Reports for Month ended June,,,Active
468,Estero on the River FDEP Funding,,,Active
469,Imperial Parkway Monument Sign Contract - feet south of Salerno Bay Road,,,Active
470,RFB-2022-03 - Estero Bay Village,,,Active
471,Sandy Lane Bike/Ped Project Update,,,Active
472,CN-2018-02 Misc. Professional Services - Estero Parkway,,,Active
473,Sub award and Grant Agreement with the State of Florida for COVID-19 Expenses,,,Active
474,Review of Development Order for Fifth Third Bank at Miromar Outlets,,,Active
475,Miscellaneous Contractor Services Continuing Contract RFQ - Miromar Outlets,,,Active
476,locations,,,Active
477,Authorized the rejection of all of the proposals received under RFP,,,Active
478,Summercrest previously known as Toll Brothers,,,Active
479,Broadway Crossing formerly named Mayfair Village - Broadway Avenue East,,,Active
480,Coconut Trace Hotel-Tract F - Lyden Dr,,,Active
481,Celebree School - Corkscrew Commons Drive,,,Active
482,Henning RMS CPD - S Tamiami Trl,,,Active
483,Tourist Development Tax Funding Agreement,,,Active
484,Agreement with the Estero Forever Foundation for Happehatchee Complex property management activities,,,Active
485,Renewal of Forerunner floodplain management software for a period of two years,,,Active
486,Sports Parks Qualifications Evaluation,,,Active
487,Approval Path for Village projects,,,Active
488,Corkscrew Road Landscaping Update - Corkscrew Road Widening Corridor,,,Active
489,Williams Road Widening Update,,,Active
490,Goodwill Industries - Estero Town Commons Place,,,Active
491,Abbiati Dental Office Building - S Tamiami Trl,,,Active
492,Estero River Park - Corkscrew Road,,,Active
493,Cell Phone Tower - Bella Terra - Bella Terra Blvd,,,Active
494,Public Information Meeting was held September 28 - Strada Nuova Circle,,,Active
495,Rivercreek Corkscrew Crossing - Corkscrew Road,,,Active
496,"School Property Three Oaks, AAAA PreK-8 School - Three Oaks Parkway",,,Active
497,"Extra Space of Coconut Point, Commercial Paint - Murano Del Lago Dr",,,Active
498,"Repealing Village of Estero Ordinance 2015-08, Adopting Village of Estero Land Development Code Chapters 6 and 10 to Adopt Flood Hazard Maps, Designate a Floodplain Administrator, Adopt Procedures a",,,Active
499,Establishing the Village of Estero False Alarm,,,Active
500,Authorizing the Investment of Village Surplus Funds in the Local Government Trust Fund,,,Active
501,Broadway Ave. West Safety and Drainage Improvements -Request for Qualifications - Broadway Avenue West,,,Active
502,Via Coconut,,,Active
503,Brooks/Three Oaks Parkway Update,,,Active
504,Request for Bid RFB,,,Active
505,Request for Bid RFB,,,Active
506,"Authorize staff to negotiate a contract with the Number 1 ranked firm, Agnoli, Barber & Brundage to provide professional consulting services for the roadway/landscape design for improvements to Estero Parkway. Motion by: Seconded by: Councilmember McLain - Estero River near Old Estero and Koresha",,,Active
507,"Comprehensive Plan Update/Overview Village Manager Sarkozy introduced. Ben Smith, LaRue Planning and Laura DeJohn, Johnson Engineering, PowerPoint: Status Report; Elements: Future Land Use; Transportation; Housing; Infrastructure; Conservation and Coastal",,,Active
508,Final Plan approval for West Bay Island High Rise - Williams Road & Baybridge Boulevard,,,Active
509,Estero Town Center Wawa,,,Active
510,Milan Villas - Williams Rd & Three Oaks Pkwy,,,Active
511,Comprehensive Plan Amendment - Property Rights Element,,,Active
512,Williams Road Bike/Ped Project Update,,,Active
513,September 9,,,Active
514,Lobbying Services,,,Active
515,Disposal of Surplus Computers,,,Active
516,No. 2 to Contract EC - Estero Bay Village,,,Active
517,US 41 & Three Oaks Monument Sign Construction Plans & Permitting Contract - US 41 / Tamiami Trail,,,Active
518,Architectural Services for PreK-8 School on Three Oaks Parkway,,,Active
519,Via Coconut Rezoning Ordinance - Via Coconut Point,,,Active
520,Water Monitoring Update,,,Active
521,Main Building - Corkscrew Road,,,Active
522,Broadway West Utility Extension Project UEP Update - Broadway Avenue West,,,Active
523,Broadway East Utility Extension Project UEP Update - Broadway Avenue East,,,Active
524,"Suzanne Bradach - Progress with the Lee Memorial Health System at Coconut Point expansion Suzanne Bradach, Director, Special Projects, Lee Memorial Health System, through a PowerPoint presentation, provided background information; vision",,,Active
525,= Short-term Lease with The Brooks Executive Suites for Community Development Department Offices,,,Active
526,_ Discussion: 5-Year Capital Budget Plan,,,Active
527,Retroactive approval of Florida Department of Emergency Management Subgrant Agreement Modifications,,,Active
528,Approval oflnterlocal Agreement with Lee County for Natural Resources Services,,,Active
529,"Village Council Liaison Assignments to Outside Organizations and Areas of Strategic Concern Councilmember Errington stated that she was unhappy that liaison to the Koreshan State Park was taken away from her. She added that, regarding US 41, she wants",,,Active
530,Corkscrew Crossing - Cypress Cove at Wildcat Run Condominium,,,Active
531,Genova - Strada Nuova Circle,,,Active
532,Brightwork Real Estate - Estero Town Commons Pl,,,Active
533,FDEP Grant L0188 for Estero Orange Park Utility Extension Project,,,Active
534,FDEP Grant L0187 for Estero Broadway Ave East Project - Broadway Avenue East,,,Active
535,Third Amendment to Public Improvement Agreement with High 5,,,Active
536,Creating a Right of Way Use Code,,,Active
537,Stormwater Discharge Ordinance,,,Active
538,"Estero Sports Park Design Services Contract - RFP - Estero Sports Park, north of Williams Ro",,,Active
539,Disaster Training Programs Development Contract,,,Active
540,"Estero Townhomes EPD Toll Bros - Summercrest / Estero Townhomes site, 930",,,Active
541,Park Place of Estero,,,Active
542,Hazard Mitigation Application Assistance Contract - Estero River North Branch,,,Active
543,Village Wide Traffic Study RFQ,,,Active
544,on Revisions to Council Procedures,,,Active
545,Traffic Study Consultant Agreement Note: This agenda item was discussed at the August 31,,,Active
546,CRS Floodplain Management Program Mayor Batos,,,Active
547,"followed by Council discussion regarding the net change to the budget, planning and zoning fees, cost recovery, and the 60-day transition period with Lee County",,,Active
548,Village of Estero Style Guide,,,Active
549,Village of Estero Capital Improvement Project Process,,,Active
550,Brooks Town Center Apartments - Coconut Pointe Residences at Brooks Town,,,Active
551,Southwest Florida Church of Christ - Sandy Lane and Broadway East bicycle/ped,,,Active
552,Hilton Garden Inn - Sweetwater Ranch Blvd,,,Active
553,measure before my agency and the nature of my conflicting interest in the measure is as follows: /\^\K^\ ^Q^ \- n<s^r&i. ^m^i^-r^io^L^p^ y4 ^4\^W,,,Active
554,Trust Bank Monument Sign - Grand Oaks Shoppes Boulevard,,,Active
555,Christ Community Ministries - County Rd & Highlands Av,,,Active
556,AAAA PreK-8 School - Three Oaks Parkway,,,Active
557,Coconut Point Developers LLC - Developer Paint Project - Fashion Dr,,,Active
558,"Renewal of Lobbying Services with JEJ & Associates and Ronald L. Book, P.A",,,Active
559,Capital Improvement Program - Pelican Sound,,,Active
560,Amendment to Contract EC,,,Active
561,2024-2025 State Legislative Priorities - Estero Bay Village,,,Active
562,March 7,,,Active
563,Coconut Point Honda-Appeal of Planning and Zoning Board Action Mayor Batos explained the hearing process. Audience members and staff presenting testimony were sworn in by,,,Active
564,"Estero's Takeover of Roads and Assumption of Road Maintenance Responsibilities Village Manager Sarkozy and Assistant to Village Manager Kyle Coleman discussed county contract background, roads to be assumed, cost estimate comparison to other - along Estero Parkway",,,Active
565,"Capital Improvement Program Calendar Village Manager Sarkozy spoke regarding the Village Center Master Plan Survey, Estero Infrastructure Study, Estero Community Improvement Foundation Study, the May 24 - Estero River near Old Estero and Koresha",,,Active
566,Medical Marijuana Dispensaries Village Attorney Saunders addressed the effort around the state for providers to establish cannabis dispensaries after the November,,,Active
567,Coconut Trace Commercial Planned Development,,,Active
568,for Pelican Sound Residential Planned Development - Pelican Sound Golf & River Club,,,Active
569,Genova - Strada Nuova Circle,,,Active
570,Miller Right-of-Way Vacation - Via Coconut Point,,,Active
571,Williams Road Bicycle & Pedestrian Improvement Concepts,,,Active
572,"Cooperative Agreement - South Florida Water Management District, Lee County, Bonita Springs & Estero",,,Active
573,Untitled Project,,,Active
574,Resolution 2015-64 - Corkscrew Palms Circle,,,Active
575,Land Development Code - Cascades at Estero,,,Active
576,Capital Improvements Project - Council Schedule,,,Active
577,Southwest Florida Regional Resiliency Compact,,,Active
578,Park Place of Estero -Amendment to Residential Planned Development Zoning,,,Active
579,Development Order - Dunkin Donuts Estero Crossing Commercial Building #1 - Corkscrew Road,,,Active
580,"Consumption on Premises - Oak & Stone, Commercial Building #4 - Corkscrew Road",,,Active
581,Land Development Code Amendment,,,Active
582,Limited Development Order - Villages of Country Creek - Country Creek Dr,,,Active
583,Brooks Town Center - Request to Intervene,,,Active
584,"Brooks Town Center - Vested Rights Determination Village Attorney Rooney provided information regarding Board business and quasi- judicial hearings. All audience members, parties and staff providing testimony for both hearings were sworn i",,,Active
585,Brooks Town Center -Appeal of Administrative Decision by staff Council Members noted they had a conversation with Staff regarding this matter and received email from the public,,,Active
586,"Conservancy of Southwest Florida - Estero River Presentation - April Olson April Olson, Growth Management Specialist, Conservancy of Southwest Florida, through a PowerPoint presentation, spoke regarding the Estero Bay Watershed; headwaters; flows; history - Estero River near Old Estero and Koresha",,,Active
587,"Fracking Discussion Caitlin Weber, Policy Analyst, Conservancy of Southwest Florida, through a Power Point presentation, spoke regarding oil in Estero; mineral right ownership; extraction techniques; and surface impacts of concern. Ralf Brookes, Attorney",,,Active
588,Shadow Wood Community Association - Three Oaks Guardhouse Remodel - Three Oaks Parkway & Oakwilde Boulevard,,,Active
589,Coconut Trace - Lyden Dr,,,Active
590,Starbucks - Estero Town Commons - Town Commons Dr,,,Active
591,Untitled Project - Stoneybrook,,,Active
592,Mayfield Village - Residential - Sandy Lane,,,Active
593,Letter to President Trump regarding continued support for the repairs to the Herbert Hoover Dike and moving forward on the Everglades restoration projects. Village Council Meeting Final Action Agenda/Minutes - November 1,,,Active
594,Untitled Project,,,Active
595,Public School Facilities,,,Active
596,Village Hall lease agreement - Corkscrew Palms Circle,,,Active
597,amending the Land Development Code to revise standards for detached residential garages,,,Active
598,Shoppes of Coconut Trace Commercial Planned Development Tract B - Zoning Amendment - Lyden Lane,,,Active
599,Coconut Road,,,Active
600,Salary Adjustment for Staff,,,Active
601,US 41 Lighting Project Update - US 41 / Tamiami Trail,,,Active
602,Letter regarding Truth in Millage,,,Active
603,"Event information from Estero Bay Buddies regarding a dinner and silent auction - Estero Bay Aquatic Preserve 50th Anniversary, December 2, 5:00 p.m. until 10:00 p.m., Hyatt Regency Coconut Point Resort and Spa",,,Active
604,Via Coconut Point & Williams Road Roundabout Landscaping & Irrigation - RFB - Williams Road & Via Coconut Point,,,Active
605,Estero on the River Design Contract,,,Active
606,West Bay Club Zoning Amendment Ordinance,,,Active
607,Williams Rd & Atlantic Gulf Drive Update - Williams Rd & Atlantic Gulf Blvd,,,Active
608,Coconut Road Intersection Improvements Project Update,,,Active
609,Village of Estero Monument Sign Locations Preliminary approval of monument sign locations at the north and south ends of US 41 and Three Oaks Parkway. Village Staff is recommending the following preliminary sign locations. 1. US 41 North - West side of US - Village on Crescent Lake at Breckenridge,,,Active
610,Williams Road & Atlantic Gulf Boulevard Wetland Mitigation,,,Active
611,Legislative Updates,,,Active
612,Special Magistrate Services Agreement,,,Active
613,Interlocal Property Sale Agreement Between Lee County and Village of Estero,,,Active
614,Corkscrew Road Corkscrew Road CMAR Contract Guaranteed Maximum Price - Corkscrew Road Widening Corridor,,,Active
615,Block Lane Easement Acquisition Services Contract,,,Active
616,"Shoppes at University Highlands, Building #5 - Ben Hill Griffin Parkway",,,Active
617,"Oak & Stone Restaurant, Estero Crossing Building #4 - Corkscrew Road",,,Active
618,Downtown Estero - Cypress Bend,,,Active
619,Arby's #7155 - Limited - Corkscrew Rd,,,Active
620,New Flood Maps,,,Active
621,FEMA Reimbursements,,,Active
622,Resolution 2015-74 - Tidewater,,,Active
623,Potential Northern Section - Avalon at Grandezza Condominium,,,Active
624,Solid Waste Franchise Fee Agreement Update,,,Active
625,Coastal Palms Academy - Corkscrew Rd,,,Active
626,Resolution 2017-31 - US 41 / Tamiami Trail,,,Active
627,Conservation and Coastal Management Element,,,Active
628,Capital Improvements,,,Active
629,Estero Entertainment Center Construction Management Services - RFP,,,Active
630,Sandy Lane Design & Permitting Contract,,,Active
631,First Reading of Ordinance No. 2023-08 amending the Land Development Code to correct parking standards for hotel/motel use,,,Active
632,Coccoloba Chapter of the Florida Native Plant Society River Oaks Preserve,,,Active
633,Williams Road Sports Park Update,,,Active
634,Village of Estero Utility Expansion Projects Update,,,Active
635,Ben Hill Griffin Parkway Landscape Concept - Avalon at Grandezza Condominium,,,Active
636,CARES Act Funding,,,Active
637,Toasted Yolk - COP Administrative Amendment - Lyden Drive,,,Active
638,Eco-Historic Planning Study - Avalon at Grandezza Condominium,,,Active
639,Approval Audit Services Request for Proposal,,,Active
640,Resolution 2025-26 - The Brooks,,,Active
641,Sports Parks Process and Procedure,,,Active
642,Village Wide Traffic Study Report,,,Active
643,DR-4834 Hurricane Milton Funding,,,Active
644,"Don Eslick Plaque 10th Year Anniversary Reception Speakers Mayor Jon McLain Nick Batos, First Mayor Katy Errington, Fourth Mayor Bob Lienesch, Incorporation Committee/Finance Director Jim Gilmartin, Engage Estero John Quin, Estero Forever Foundation Vice",,,Active
645,Unsolicited Proposal High 5,,,Active
646,Broadway West Utilities Expansion Project Proposed Evening Public Meeting - Broadway Avenue West,,,Active
647,Estero on the River Trail,,,Active
648,Pelican Colony Blvd. & US 41Traffic Signal,,,Active
649,FEMA Map Revisions,,,Active
650,Ordinance 2015-19 - Shadow Wood,,,Active
651,Resolution 2025-24 - Sunny Grove,,,Active
652,Resolution 2025-25 - Cypress Bend,,,Active
653,Railroad Crossing Agreements,,,Active
654,Estero Village Hall 2nd Floor Remodel RFB - Corkscrew Palms Circle,,,Active
655,"Land Use Laura DeJohn, Johnson Engineering - PowerPoint Presentation: Overview; Key Terms; Objectives; Community Character; Future Land Use Categories; Specific Use Considerations; Bonus Density; Commercial Site Location Standards; Historic and Archeologi",,,Active
656,"Transportation Ben Smith, LaRue Planning - PowerPoint Presentation: Major Objectives: Complete Streets; Interconnectivity; Transportation Options; Roadscapes; Innovation and Technology; Discussion and Decision Items. Village Council Meeting Final Action A",,,Active
657,"Construction Manager At Risk agreement between Village and Wright Construction Group, Inc",,,Active
658,River Oaks Preserve Preliminary Design Contract,,,Active
659,Review of Framework for Cooperation between Village and the Estero Forever Foundation - Shadow Wood,,,Active
660,Ben Hill Griffin Project Update - Ben Hill Griffin Parkway,,,Active
661,"Various Maintenance Agreements • Mowing Superior Landscaping and Lawn Service, Inc",,,Active
662,"Possible Property Purchase and Sale Agreement Village Manager Sarkozy spoke regarding an available 12.02 acre parcel with DO and zoning in place, which could be used for recreational development - Stoneybrook",,,Active
663,Proposed State Legislative Agenda Village Manager Sarkozy - Koreshan State Park,,,Active
664,Village-Initiated,,,Active
665,"Contract with Vieste, LLC for Williams Road Mixed-Use Development Project",,,Active
666,2022-12 Community Aesthetic Feature Agreement,,,Active
667,EC-2022-29 STA-01 Reclaimed Water Feasibility Study,,,Active
668,Alternatives,,,Active
669,Estero River Sediment Project - Estero River near Old Estero and Koresha,,,Active
670,Estero River North Branch Drainage Improvements,,,Active
671,Summercrest previously known as Toll Brothers - Corkscrew Rd & Sandy Ln,,,Active
672,Via Coconut Development Order Amendment - Corkscrew Rd,,,Active
673,Estero Sports Park,,,Active
674,Estero Storage LLC - Arcos Ave,,,Active
675,Goddard School for Early Childhood Development - Arcos Ave,,,Active
676,Home2 Suites - Via Coconut Point,,,Active
677,Toll Brothers Estero Townhomes - Corkscrew Rd & Sandy Ln,,,Active
678,Miromar International Design Center - Corkscrew Rd,,,Active
679,Copperleaf at the Brooks - Clubhouse Expansion,,,Active
680,Village Initiated Rezoning - Williams Road Property,,,Active
681,Arby's #7155 Exterior Renovation - Corkscrew Rd,,,Active
682,following the,,,Active
683,Sunny Grove Utility Extension Project Funding,,,Active
684,Cypress Bend Utility Extension Project Funding,,,Active
685,Broadway Ave. West Safety and Drainage Improvements - Design & Permitting Contract - Broadway Avenue West,,,Active
686,Sport Park Status Update and Guaranteed Maximum Price,,,Active
687,4741 Broadway Avenue West - Broadway W,,,Active
688,Lien Removal Request on Property - Horne Lane,,,Active
689,Ordinances,,,Active
690,"20/20 Program for Conserving 10 Acres along the Estero River, Village of Estero Conservation 20/20 Nomination - Estero River near Old Estero and Koresha",,,Active
691,"Parks, Recreation & Open Space Master Plan Update",,,Active
692,Storm Drainage/Catch Basin System Cleaning Services RFB,,,Active
693,Request for Bids No. RFB,,,Active
694,"Traffic Signal, Street Light and Traffic Sign Standards Public Works Director Willems presented a PowerPoint Presentation that explained the existing signals, street lights, and signs, examples of standards in the county, cost consideration and options th",,,Active
695,"US 41 Landscape Update Public Works Director Willems provided an introduction. Consultants from Kimley Horn. presented a PowerPoint presentation regarding planting palette, typical planting design, current project status, and project schedule. Questions o - US 41 / Tamiami Trail",,,Active
696,"Review of Design Review Board Process Village Manager Sarkozy spoke regarding vacancies and part of the issue is lack of qualified landscape architects, among other reasons. Questions or Comments: Councilmember Levitan commented how the board was designed",,,Active
697,Design and Permitting Services for Williams Road at Estero High School Turn Lane Improvements CN,,,Active
698,Bicycle and Pedestrian Master Plan Update,,,Active
699,Emergency Notification System: Memorandum of Agreement with Lee County Recommended,,,Active
700,Public Works Projects Update,,,Active
701,"Mine Studies Peer Review Village Manager Sarkozy gave an introduction. Consultant of Spikowski presented a PowerPoint presentation with a description on how mining activity occurs, mining related to the amount of growth, and compared the methodology of th",,,Active
702,"Stormwater Master Plan Update Village Manager Sarkozy gave an introduction. Elizabeth Fountain and Zac Taylor, J.R. Evans Engineering, presented a PowerPoint presentation regarding the problem areas, observations, most important areas that flood, explaine",,,Active
703,"vacant positions for Design Review Board, including a landscape architect per the Ordinance requirement. e Designate which Design Review Board member is considered the State-registered architect for purposes of determining a quorum",,,Active
704,Planning and Zoning Board and Design Review Board Items Recommended,,,Active
705,Estero Branding Update,,,Active
706,Hurricane Irma Reimbursement Contract with State of Florida,,,Active
707,"Mid-Block Crossing Policy Village Manager Sarkozy and Public Works Director Willems provided brief explanations and introductions. Richard Arica, Kissinger Campo & Associates, offered PowerPoint Presentation ""Consideration of Draft Mid-Block Crossing Poli",,,Active
708,"Estero Branding Village Manager Sarkozy and Public Works Director Willems provided brief introductions. Jeanne Frazer, Vitalink, offered PowerPoint Presentation ""Brand Options"" that included: research; suggested logos and taglines; color palette; and next",,,Active
709,related to the mining application recently approved by the Lee County Board of County Commissioners be added to the agenda,,,Active
710,Extension of Contract with Spikowski Planning Associates Councilmember Batos requested consideration of an extension of the contract with Spikowski Planning Associates related to the mining issues with the purpose of gathering the specifics of the areas o,,,Active
711,Consultants Ranking for Estero River Sedimentation Analysis - Estero River near Old Estero and Koresha,,,Active
712,Consideration of Appeal of Estero Town Center,,,Active
713,Estero Parkway Landscape Update,,,Active
714,Estero on the River Update - Riverwoods Plantation Condominium,,,Active
715,Replat of Lot in Miromar Outlet Mall Parking Lot,,,Active
716,Joint Participation Agreement - US 41 / Tamiami Trail,,,Active
717,Right of Way Review Services RFQ,,,Active
718,"Bicycle and Pedestrian Master Plan Powerpoint Presentation available in the Village Clerk's office and on the Village website. Information provided by consultants Ned Baier, Jacobs Engineering and Alia Awwad, Alta Planning and Design",,,Active
719,US 41 Landscape Improvements Construction Engineering and Inspection - US 41 / Tamiami Trail,,,Active
720,Request for Bids No. RFB - US 41 / Tamiami Trail,,,Active
721,Cape Coral Police Department Request for Letter of Support for Edward Byme Memorial Justice Assistance Grant,,,Active
722,Design and Permitting Services for Coconut Road Crosswalks and Drainage Improvements CN,,,Active
723,Florida Gulf Coast University - Estero River near Old Estero and Koresha,,,Active
724,Estero River Sedimentation Analysis RFQ - Estero River near Old Estero and Koresha,,,Active
725,Comprehensive Plan Amendment,,,Active
726,Comprehensive Plan Amendment,,,Active
727,Ordinance 2019-25,,,Active
728,Ordinance 2019-27 - Corkscrew Rd & Three Oaks Pkwy,,,Active
729,FDOT Beautification Grant Application,,,Active
730,Consider Adoption of Compliance Agreement to Resolve Administrative Challenge to the Village's Comprehensive Plan,,,Active
731,PUBLIC HEAMNG: of Ordinance,,,Active
732,Untitled Project,,,Active
733,Commercial PACE Program,,,Active
734,US-41 Beautification Grant Update,,,Active
735,ESTERO CROSSING,,,Active
736,Amend Fee Schedule to Establish a Reduced Fee for Private Provider Projects,,,Active
737,Corkscrew Road Widening Update - Corkscrew Road Widening Corridor,,,Active
738,Property Assessed Clean Energy,,,Active
739,On-Call Street Light Inspection and Maintenance RFB,,,Active
740,Request for Bids No. RFB,,,Active
741,Granted the Village Manager the authority to renegotiate and execute the renewal of this contract for three,,,Active
742,"recommendation of Public Works Staff to select all 14 contractors that submitted Qualifications Statements, for a contract period of one year. The firms are: a) American Infrastructure Services, Inc.; b) Big League Builders, Inc.; c) Boyd Irr",,,Active
743,Estero Parkway Value Engineering and Street Lights - The Brooks,,,Active
744,"value engineering changes to the plans and addition of street lights to the project for a total project cost of $7,948,400 plus a $794,840 contingency for a total constmction cost of $8,743,240. Approximately $985,000 has been contracted",,,Active
745,"River Ranch Road Improvements - Planning, Design, and Permitting Contract",,,Active
746,Consider - and 4410 Coconut Road,,,Active
747,"Planning, Design and Pennitting Services for Via Coconut Point Landscape Improvements CN",,,Active
748,Status of Happehatchee Acquisition,,,Active
749,"contract with CW3 Engineering, Inc. to provide professional engineering services to proceed with the planning, design and permitting services work required for the River Ranch Road Improvements",,,Active
750,Phil Flood: South Florida Water Management District,,,Active
751,Disaster Recovery Services RFB,,,Active
752,Disaster Debris Monitoring RFB,,,Active
753,Untitled Project,,,Active
754,Coconut Road Roadway Improvement Update - Pelican Sound,,,Active
755,Amendment Two to Contract EC - Estero Parkway,,,Active
756,Williams Road West of US41 Update - Pelican Sound,,,Active
757,"Adopting an Amendment to the Village of Estero Comprehensive Plan to Change the Text to Reference the Village's 10-Year Water Supply Facilities Work Plan as Provided on Attachment ""A"" and Made a Part Hereof; Providing for Severability",,,Active
758,Street Sweeping RFB,,,Active
759,Pelican Landing Traffic Signal Village Attorney Presentation/Comments: Village Attorney Saunders addressed conversations that he has had with attorneys representing Lennar Corp. with respect to the Pelican Landing traffic signal and putting them on notice - Casta Del Sol at Pelican Landing Condomi,,,Active
760,Location of Two New School Facilities in Estero - Heatherstone at Rookery Pointe,,,Active
761,Corkscrew Road/Puente Lane Traffic Signal Developer Agreement - Corkscrew Road & Puente Lane,,,Active
762,Corkscrew Road/Puente Lane Traffic Signal Design - Contract EC - Corkscrew Road & Puente Lane,,,Active
763,Williams Road at Estero High School Turn Lane Improvements RFB,,,Active
764,Community Rating System,,,Active
765,Computer Replacement Proposal - Corkscrew Palms Circle,,,Active
766,River Ranch Road Improvements,,,Active
767,US 41 Medians 1-5 Landscaping Contract,,,Active
768,Recreational Proposals for the Village-owned Williams Road Property,,,Active
